Species	GeneID	TranscriptIDCluster_5p	ExonIDCluster_5p	SubexonIDCluster_5p	S_exonID_5p	S_exon_CodingStart_5p	S_exon_CodingEnd_5p	chr	start	end	strand	motif	total_uq	total_mm	ave_uq	num_exp	name_exp	uq_per_exp	mm_per_exp	TranscriptIDCluster_3p	ExonIDCluster_3p	SubexonIDCluster_3p	S_exonID_3p	S_exon_CodingStart_3p	S_exon_CodingEnd_3p	n_total_uq	n_total_mm
bos_taurus	ENSBTAG00000011473	ENSBTAT00000015248/ENSBTAT00000068920	ENSBTAE00000123705	ENSBTAE00000123705_SE_0	1_1	65651037.0	65651118.0	13	65651119.0	65653920.0	1.0	1.0	9.0	0.0	2.25	4.0	SRR594474,SRR594478,SRR594489,SRR636889	5,2,1,1	0,0,0,0							2.4842034363104444e-07	0.0
bos_taurus	ENSBTAG00000011473	ENSBTAT00000015248/ENSBTAT00000068920	ENSBTAE00000123705	ENSBTAE00000123705_SE_0	1_1	65651037.0	65651118.0	13	65651119.0	65653967.0	1.0	1.0	85220.0	4.0	2582.4242424242425	33.0	SRR594473,SRR594474,SRR594475,SRR594476,SRR594477,SRR594478,SRR594479,SRR594480,SRR594481,SRR594482,SRR594483,SRR594484,SRR594485,SRR594486,SRR594487,SRR594488,SRR594489,SRR594490,SRR594491,SRR594492,SRR594493,SRR594494,SRR594495,SRR594496,SRR594497,SRR594498,SRR594499,SRR636839,SRR636840,SRR636889,SRR636890,SRR636934,SRR636935	63,26014,5178,4766,330,4672,511,4638,649,13,26192,30,563,40,454,89,460,111,107,5022,633,286,70,1018,80,2141,66,14,21,369,509,72,39	0,3,0,0,0,0,0,0,0,0,1,0,0,0,0,0,0,0,0,0,0,0,0,0,0,0,0,0,0,0,0,0,0	ENSBTAT00000015248/ENSBTAT00000068920	ENSBTAE00000123707	ENSBTAE00000123707_SE_1	1_2	65653968.0	65653969.0	0.0031816520554118185	1.0667309973995065e-07
bos_taurus	ENSBTAG00000011473	ENSBTAT00000015248/ENSBTAT00000068920	ENSBTAE00000123705	ENSBTAE00000123705_SE_0	1_1	65651037.0	65651118.0	13	65651119.0	65654062.0	1.0	1.0	4.0	0.0	1.0	4.0	SRR594474,SRR594476,SRR594481,SRR594483	1,1,1,1	0,0,0,0							1.0755185510125629e-07	0.0
bos_taurus	ENSBTAG00000011473	ENSBTAT00000015248/ENSBTAT00000068920	ENSBTAE00000123705	ENSBTAE00000123705_SE_0	1_1	65651037.0	65651118.0	13	65651119.0	65655076.0	1.0	1.0	3.0	0.0	1.0	3.0	SRR594474,SRR594476,SRR594499	1,1,1	0,0,0	ENSBTAT00000015248/ENSBTAT00000068920	ENSBTAE00000123708	ENSBTAE00000123708_SE_2	1_4	65655077.0	65655078.0	1.0679118091998784e-07	0.0
bos_taurus	ENSBTAG00000011473	ENSBTAT00000015248/ENSBTAT00000068920	ENSBTAE00000123707	ENSBTAE00000123707_SE_1	1_3	65653970.0	65654129.0	13	65654130.0	65654336.0	1.0	1.0	1.0	0.0	1.0	1.0	SRR594496	1	0							5.0574388502539894e-08	0.0
bos_taurus	ENSBTAG00000011473	ENSBTAT00000015248/ENSBTAT00000068920	ENSBTAE00000123707	ENSBTAE00000123707_SE_1	1_3	65653970.0	65654129.0	13	65654130.0	65654429.0	1.0	1.0	1.0	0.0	1.0	1.0	SRR594475	1	0							9.67495451973192e-09	0.0
bos_taurus	ENSBTAG00000011473	ENSBTAT00000015248/ENSBTAT00000068920	ENSBTAE00000123707	ENSBTAE00000123707_SE_1	1_3	65653970.0	65654129.0	13	65654130.0	65654672.0	1.0	1.0	16.0	0.0	3.2	5.0	SRR594474,SRR594476,SRR594477,SRR594478,SRR594480	4,9,1,1,1	0,0,0,0,0							1.891658064979493e-07	0.0
bos_taurus	ENSBTAG00000011473	ENSBTAT00000015248/ENSBTAT00000068920	ENSBTAE00000123707	ENSBTAE00000123707_SE_1	1_3	65653970.0	65654129.0	13	65654130.0	65655039.0	1.0	1.0	12.0	0.0	2.0	6.0	SRR594474,SRR594475,SRR594476,SRR594478,SRR594487,SRR594491	1,1,1,7,1,1	0,0,0,0,0,0							2.638951693882108e-07	0.0
bos_taurus	ENSBTAG00000011473	ENSBTAT00000015248/ENSBTAT00000068920	ENSBTAE00000123707	ENSBTAE00000123707_SE_1	1_3	65653970.0	65654129.0	13	65654130.0	65655076.0	1.0	1.0	55687.0	1927.0	1687.4848484848487	33.0	SRR594473,SRR594474,SRR594475,SRR594476,SRR594477,SRR594478,SRR594479,SRR594480,SRR594481,SRR594482,SRR594483,SRR594484,SRR594485,SRR594486,SRR594487,SRR594488,SRR594489,SRR594490,SRR594491,SRR594492,SRR594493,SRR594494,SRR594495,SRR594496,SRR594497,SRR594498,SRR594499,SRR636839,SRR636840,SRR636889,SRR636890,SRR636934,SRR636935	35,19368,3773,2932,203,3338,341,2175,629,4,14231,424,370,61,351,160,294,161,52,3568,788,222,25,815,53,721,96,8,12,191,235,41,10	0,435,127,33,1,48,19,73,19,0,780,46,17,0,10,6,6,3,2,166,38,9,1,33,3,36,1,1,0,4,6,4,0	ENSBTAT00000015248/ENSBTAT00000068920	ENSBTAE00000123708	ENSBTAE00000123708_SE_2	1_4	65655077.0	65655078.0	0.0019344496075837207	8.866803690904999e-05
bos_taurus	ENSBTAG00000011473	ENSBTAT00000015248/ENSBTAT00000068920	ENSBTAE00000123707	ENSBTAE00000123707_SE_1	1_3	65653970.0	65654129.0	13	65654130.0	65655136.0	1.0	1.0	9.0	0.0	3.0	3.0	SRR594474,SRR594475,SRR594476	3,1,5	0,0,0							1.021311916671821e-07	0.0
bos_taurus									65647109.0	65647349.0	1.0	1.0	25.0	0.0	4.166666666666665	6.0	SRR594474,SRR594476,SRR594477,SRR594478,SRR594483,SRR636889	4,14,1,2,2,2	0,0,0,0,0,0							5.688047428055648e-07	0.0
bos_taurus									65651018.0	65651087.0	1.0	1.0	1.0	0.0	1.0	1.0	SRR594474	1	0							1.1466703788209064e-08	0.0
caenorhabditis_elegans	WBGene00003372	C56G7.1	C56G7.1.e1	C56G7.1.e1_SE_2	1_0	3393781.0	3393683.0	20																		0.0	0.0
caenorhabditis_elegans	WBGene00003372	C56G7.1	C56G7.1.e2	C56G7.1.e2_SE_1	1_1	3393564.0	3393487.0	20																		0.0	0.0
caenorhabditis_elegans	WBGene00003372							20												C56G7.1	C56G7.1.e2	C56G7.1.e2_SE_1	1_5	3393315.0	3393217.0	0.0	0.0
caenorhabditis_elegans	WBGene00003372							20												C56G7.1	C56G7.1.e3	C56G7.1.e3_SE_0	1_6	3392762.0	3392691.0	0.0	0.0
gorilla_gorilla	ENSGGOG00000024477	ENSGGOT00000030004	ENSGGOE00000339947	ENSGGOE00000210822_SE_0/ENSGGOE00000339947_SE_0	1_1	35229891.0	35229972.0	20	35229973.0	35232705.0	1.0	1.0	2.0	0.0	1.0	2.0	SRR306808,SRR306809	1,1	0,0							8.49492508416761e-08	0.0
gorilla_gorilla	ENSGGOG00000024477	ENSGGOT00000049150	ENSGGOE00000210822	ENSGGOE00000210822_SE_0/ENSGGOE00000339947_SE_0	1_1	35229891.0	35229972.0	20	35229973.0	35232705.0	1.0	1.0	2.0	0.0	1.0	2.0	SRR306808,SRR306809	1,1	0,0							8.49492508416761e-08	0.0
gorilla_gorilla	ENSGGOG00000024477	ENSGGOT00000030004	ENSGGOE00000339947	ENSGGOE00000210822_SE_0/ENSGGOE00000339947_SE_0	1_1	35229891.0	35229972.0	20	35229973.0	35232942.0	1.0	1.0	4581.0	3.0	327.2142857142857	14.0	SRR306800,SRR306801,SRR306802,SRR306803,SRR306804,SRR306805,SRR306806,SRR306807,SRR306808,SRR306809,SRR306810,SRR649365,SRR649366,SRR649367	65,96,23,46,711,349,225,218,75,305,443,118,992,915	0,0,0,0,1,0,0,0,0,0,1,0,1,0	ENSGGOT00000030004	ENSGGOE00000264455	ENSGGOE00000264455_SE_1	1_2	35232943.0	35232944.0	0.00018126080899870628	1.4102412726678284e-07
gorilla_gorilla	ENSGGOG00000024477	ENSGGOT00000049150	ENSGGOE00000210822	ENSGGOE00000210822_SE_0/ENSGGOE00000339947_SE_0	1_1	35229891.0	35229972.0	20	35229973.0	35232942.0	1.0	1.0	4581.0	3.0	327.2142857142857	14.0	SRR306800,SRR306801,SRR306802,SRR306803,SRR306804,SRR306805,SRR306806,SRR306807,SRR306808,SRR306809,SRR306810,SRR649365,SRR649366,SRR649367	65,96,23,46,711,349,225,218,75,305,443,118,992,915	0,0,0,0,1,0,0,0,0,0,1,0,1,0	ENSGGOT00000030004	ENSGGOE00000264455	ENSGGOE00000264455_SE_1	1_2	35232943.0	35232944.0	0.00018126080899870628	1.4102412726678284e-07
gorilla_gorilla	ENSGGOG00000024477	ENSGGOT00000030004	ENSGGOE00000339947	ENSGGOE00000210822_SE_0/ENSGGOE00000339947_SE_0	1_1	35229891.0	35229972.0	20	35229973.0	35232947.0	1.0	1.0	2.0	0.0	2.0	1.0	SRR649367	2	0							3.499058237223097e-08	0.0
gorilla_gorilla	ENSGGOG00000024477	ENSGGOT00000049150	ENSGGOE00000210822	ENSGGOE00000210822_SE_0/ENSGGOE00000339947_SE_0	1_1	35229891.0	35229972.0	20	35229973.0	35232947.0	1.0	1.0	2.0	0.0	2.0	1.0	SRR649367	2	0							3.499058237223097e-08	0.0
gorilla_gorilla	ENSGGOG00000024477	ENSGGOT00000030004	ENSGGOE00000339947	ENSGGOE00000210822_SE_0/ENSGGOE00000339947_SE_0	1_1	35229891.0	35229972.0	20	35229973.0	35233037.0	1.0	1.0	22.0	0.0	3.1428571428571432	7.0	SRR306804,SRR306805,SRR306806,SRR306809,SRR306810,SRR649366,SRR649367	2,2,2,2,3,6,5	0,0,0,0,0,0,0							8.383930535802871e-07	0.0
gorilla_gorilla	ENSGGOG00000024477	ENSGGOT00000049150	ENSGGOE00000210822	ENSGGOE00000210822_SE_0/ENSGGOE00000339947_SE_0	1_1	35229891.0	35229972.0	20	35229973.0	35233037.0	1.0	1.0	22.0	0.0	3.1428571428571432	7.0	SRR306804,SRR306805,SRR306806,SRR306809,SRR306810,SRR649366,SRR649367	2,2,2,2,3,6,5	0,0,0,0,0,0,0							8.383930535802871e-07	0.0
gorilla_gorilla	ENSGGOG00000024477	ENSGGOT00000030004	ENSGGOE00000339947	ENSGGOE00000210822_SE_0/ENSGGOE00000339947_SE_0	1_1	35229891.0	35229972.0	20	35229973.0	35233990.0	1.0	1.0	28.0	1.0	3.5	8.0	SRR306801,SRR306804,SRR306806,SRR306808,SRR306810,SRR649365,SRR649366,SRR649367	2,2,1,1,4,2,7,9	0,0,0,0,1,0,0,0	ENSGGOT00000030004	ENSGGOE00000274137	ENSGGOE00000274137_SE_2/ENSGGOE00000322467_SE_2	1_4	35233991.0	35233992.0	1.029448189550106e-06	7.422814420954784e-08
gorilla_gorilla	ENSGGOG00000024477	ENSGGOT00000030004	ENSGGOE00000339947	ENSGGOE00000210822_SE_0/ENSGGOE00000339947_SE_0	1_1	35229891.0	35229972.0	20	35229973.0	35233990.0	1.0	1.0	28.0	1.0	3.5	8.0	SRR306801,SRR306804,SRR306806,SRR306808,SRR306810,SRR649365,SRR649366,SRR649367	2,2,1,1,4,2,7,9	0,0,0,0,1,0,0,0	ENSGGOT00000049150	ENSGGOE00000322467	ENSGGOE00000274137_SE_2/ENSGGOE00000322467_SE_2	1_4	35233991.0	35233992.0	1.029448189550106e-06	7.422814420954784e-08
gorilla_gorilla	ENSGGOG00000024477	ENSGGOT00000049150	ENSGGOE00000210822	ENSGGOE00000210822_SE_0/ENSGGOE00000339947_SE_0	1_1	35229891.0	35229972.0	20	35229973.0	35233990.0	1.0	1.0	28.0	1.0	3.5	8.0	SRR306801,SRR306804,SRR306806,SRR306808,SRR306810,SRR649365,SRR649366,SRR649367	2,2,1,1,4,2,7,9	0,0,0,0,1,0,0,0	ENSGGOT00000030004	ENSGGOE00000274137	ENSGGOE00000274137_SE_2/ENSGGOE00000322467_SE_2	1_4	35233991.0	35233992.0	1.029448189550106e-06	7.422814420954784e-08
gorilla_gorilla	ENSGGOG00000024477	ENSGGOT00000049150	ENSGGOE00000210822	ENSGGOE00000210822_SE_0/ENSGGOE00000339947_SE_0	1_1	35229891.0	35229972.0	20	35229973.0	35233990.0	1.0	1.0	28.0	1.0	3.5	8.0	SRR306801,SRR306804,SRR306806,SRR306808,SRR306810,SRR649365,SRR649366,SRR649367	2,2,1,1,4,2,7,9	0,0,0,0,1,0,0,0	ENSGGOT00000049150	ENSGGOE00000322467	ENSGGOE00000274137_SE_2/ENSGGOE00000322467_SE_2	1_4	35233991.0	35233992.0	1.029448189550106e-06	7.422814420954784e-08
gorilla_gorilla	ENSGGOG00000024477	ENSGGOT00000030004	ENSGGOE00000264455	ENSGGOE00000264455_SE_1	1_3	35232945.0	35233104.0	20	35233105.0	35233990.0	1.0	1.0	2961.0	2.0	211.5	14.0	SRR306800,SRR306801,SRR306802,SRR306803,SRR306804,SRR306805,SRR306806,SRR306807,SRR306808,SRR306809,SRR306810,SRR649365,SRR649366,SRR649367	42,54,23,27,661,518,166,97,63,162,207,75,436,430	0,0,0,0,0,1,0,0,0,0,1,0,0,0	ENSGGOT00000030004	ENSGGOE00000274137	ENSGGOE00000274137_SE_2/ENSGGOE00000322467_SE_2	1_4	35233991.0	35233992.0	0.00012674847130298708	1.2187138779015674e-07
gorilla_gorilla	ENSGGOG00000024477	ENSGGOT00000030004	ENSGGOE00000264455	ENSGGOE00000264455_SE_1	1_3	35232945.0	35233104.0	20	35233105.0	35233990.0	1.0	1.0	2961.0	2.0	211.5	14.0	SRR306800,SRR306801,SRR306802,SRR306803,SRR306804,SRR306805,SRR306806,SRR306807,SRR306808,SRR306809,SRR306810,SRR649365,SRR649366,SRR649367	42,54,23,27,661,518,166,97,63,162,207,75,436,430	0,0,0,0,0,1,0,0,0,0,1,0,0,0	ENSGGOT00000049150	ENSGGOE00000322467	ENSGGOE00000274137_SE_2/ENSGGOE00000322467_SE_2	1_4	35233991.0	35233992.0	0.00012674847130298708	1.2187138779015674e-07
gorilla_gorilla	ENSGGOG00000024477							20	35229995.0	35232942.0	1.0	1.0	7.0	0.0	1.4	5.0	SRR306807,SRR306808,SRR306810,SRR649366,SRR649367	1,1,1,1,3	0,0,0,0,0	ENSGGOT00000030004	ENSGGOE00000264455	ENSGGOE00000264455_SE_1	1_2	35232943.0	35232944.0	2.3837678259267977e-07	0.0
gorilla_gorilla	ENSGGOG00000024477	ENSGGOT00000049150	ENSGGOE00000322467	ENSGGOE00000274137_SE_2/ENSGGOE00000322467_SE_2	1_6	35234095.0	35234163.0	20																		0.0	0.0
gorilla_gorilla	ENSGGOG00000024477							20												ENSGGOT00000049150	ENSGGOE00000210822	ENSGGOE00000210822_SE_0/ENSGGOE00000339947_SE_0	1_0	35229789.0	35229890.0	0.0	0.0
gorilla_gorilla									35234437.0	35234516.0	1.0	3.0	1.0	0.0	1.0	1.0	SRR306810	1	0							7.422814420954784e-08	0.0
gorilla_gorilla									35234450.0	35234487.0	1.0	3.0	1.0	0.0	1.0	1.0	SRR306804	1	0							4.930069187111951e-08	0.0
homo_sapiens	ENSG00000101335	ENST00000279022	ENSE00001277524	ENSE00001277524_SE_0	1_1	36544987.0	36545068.0	20	36545069.0	36546659.0	1.0	1.0	6.0	0.0	3.0	2.0	ERR030884,ERR030892	4,2	0,0							8.065648989227663e-08	0.0
homo_sapiens	ENSG00000101335	ENST00000346786	ENSE00001277524	ENSE00001277524_SE_0	1_1	36544987.0	36545068.0	20	36545069.0	36546659.0	1.0	1.0	6.0	0.0	3.0	2.0	ERR030884,ERR030892	4,2	0,0							8.065648989227663e-08	0.0
homo_sapiens	ENSG00000101335	ENST00000279022	ENSE00001277524	ENSE00001277524_SE_0	1_1	36544987.0	36545068.0	20	36545069.0	36547794.0	1.0	1.0	12.0	0.0	1.7142857142857135	7.0	ERR030872,ERR030877,ERR030879,ERR030896,SRR1721280,SRR1721307,SRR306858	1,5,2,1,1,1,1	0,0,0,0,0,0,0							2.7810191058350213e-07	0.0
homo_sapiens	ENSG00000101335	ENST00000346786	ENSE00001277524	ENSE00001277524_SE_0	1_1	36544987.0	36545068.0	20	36545069.0	36547794.0	1.0	1.0	12.0	0.0	1.7142857142857135	7.0	ERR030872,ERR030877,ERR030879,ERR030896,SRR1721280,SRR1721307,SRR306858	1,5,2,1,1,1,1	0,0,0,0,0,0,0							2.7810191058350213e-07	0.0
homo_sapiens	ENSG00000101335	ENST00000279022	ENSE00001277524	ENSE00001277524_SE_0	1_1	36544987.0	36545068.0	20	36545069.0	36548007.0	1.0	1.0	13.0	0.0	1.625	8.0	ERR030857,ERR030859,ERR030860,ERR030861,ERR030866,ERR030889,ERR030901,SRR1721286	1,1,1,1,2,2,4,1	0,0,0,0,0,0,0,0							2.2304174426357637e-07	0.0
homo_sapiens	ENSG00000101335	ENST00000346786	ENSE00001277524	ENSE00001277524_SE_0	1_1	36544987.0	36545068.0	20	36545069.0	36548007.0	1.0	1.0	13.0	0.0	1.625	8.0	ERR030857,ERR030859,ERR030860,ERR030861,ERR030866,ERR030889,ERR030901,SRR1721286	1,1,1,1,2,2,4,1	0,0,0,0,0,0,0,0							2.2304174426357637e-07	0.0
homo_sapiens	ENSG00000101335	ENST00000279022	ENSE00001277524	ENSE00001277524_SE_0	1_1	36544987.0	36545068.0	20	36545069.0	36548031.0	1.0	1.0	158325.0	69.0	726.2614678899083	218.0	ERR030856,ERR030857,ERR030858,ERR030859,ERR030860,ERR030861,ERR030862,ERR030863,ERR030864,ERR030865,ERR030866,ERR030867,ERR030868,ERR030869,ERR030870,ERR030871,ERR030872,ERR030873,ERR030874,ERR030875,ERR030876,ERR030877,ERR030878,ERR030879,ERR030880,ERR030881,ERR030882,ERR030883,ERR030884,ERR030885,ERR030886,ERR030887,ERR030888,ERR030889,ERR030890,ERR030891,ERR030892,ERR030893,ERR030894,ERR030895,ERR030896,ERR030897,ERR030898,ERR030899,ERR030900,ERR030901,ERR030902,ERR030903,SRR1272186,SRR1272187,SRR1272188,SRR1377145,SRR1377146,SRR1377147,SRR1377148,SRR1377149,SRR1377150,SRR1377151,SRR1377152,SRR1377153,SRR1377154,SRR1377155,SRR1377156,SRR1377157,SRR1377158,SRR1377159,SRR1377160,SRR1377161,SRR1377162,SRR1377163,SRR1377164,SRR1377165,SRR1377166,SRR1377167,SRR1377168,SRR1377169,SRR1377170,SRR1377171,SRR1377172,SRR1377173,SRR1377174,SRR1377175,SRR1377176,SRR1377177,SRR1377178,SRR1377179,SRR1377180,SRR1377181,SRR1377182,SRR1377183,SRR1377184,SRR1377185,SRR1377186,SRR1377187,SRR1377188,SRR1377189,SRR1377190,SRR1377191,SRR1377192,SRR1377193,SRR1377194,SRR1377201,SRR1377202,SRR1377203,SRR1377204,SRR1377205,SRR1377206,SRR1377207,SRR1377208,SRR1377209,SRR1377210,SRR1377211,SRR1377212,SRR1377213,SRR1377214,SRR1377215,SRR1377216,SRR1377217,SRR1377218,SRR1377219,SRR1377220,SRR1377221,SRR1377222,SRR1377223,SRR1377224,SRR1424731,SRR1424732,SRR1424733,SRR1424734,SRR1424735,SRR1424736,SRR1424737,SRR1424738,SRR1424739,SRR1424740,SRR1424741,SRR1424742,SRR1424743,SRR1424744,SRR1424745,SRR1424746,SRR1424747,SRR1424748,SRR1424749,SRR1424750,SRR1424751,SRR1424752,SRR1424753,SRR1424754,SRR1424755,SRR1424756,SRR1721279,SRR1721280,SRR1721281,SRR1721282,SRR1721283,SRR1721284,SRR1721285,SRR1721286,SRR1721287,SRR1721288,SRR1721289,SRR1721290,SRR1721291,SRR1721292,SRR1721293,SRR1721294,SRR1721295,SRR1721296,SRR1721297,SRR1721298,SRR1721299,SRR1721300,SRR1721301,SRR1721302,SRR1721303,SRR1721304,SRR1721305,SRR1721306,SRR1721307,SRR1721308,SRR1721309,SRR1721310,SRR1721311,SRR1721312,SRR1721313,SRR306838,SRR306839,SRR306840,SRR306841,SRR306842,SRR306843,SRR306844,SRR306845,SRR306846,SRR306847,SRR306848,SRR306849,SRR306850,SRR306851,SRR306852,SRR306853,SRR306854,SRR306855,SRR306856,SRR306857,SRR306858,SRR649360,SRR649361,SRR649362,SRR649363,SRR649364,SRR943339,SRR943340,SRR943341,SRR943357,SRR943358,SRR943359	1225,1297,1239,1735,1641,1557,328,329,1227,1186,1617,1543,340,301,321,317,767,4049,1730,117,949,19961,2695,2981,1535,2692,113,1515,12988,758,3752,135,984,2154,44,1194,8405,553,2172,80,2230,2047,15080,811,72,1293,2993,559,3098,7246,4033,26,28,28,18,12,9,9,11,12,4,9,8,22,20,23,23,28,23,19,12,45,46,50,50,27,20,21,31,12,12,13,19,23,22,17,28,4,8,24,4,17,20,5,23,25,26,40,36,31,28,23,18,31,28,33,25,27,18,22,46,56,43,47,46,41,47,47,40,28,35,34,39,34,50,27,20,61,48,83,27,46,49,82,53,34,46,27,31,46,57,70,132,238,170,28,42,51,61,20,23,67,705,750,986,651,41,1293,2045,2045,707,502,248,39,48,76,148,386,297,239,22,65,44,60,100,124,155,234,251,242,177,815,1615,1258,852,874,38,37,34,3,15,9,16,16,18,381,542,831,792,139,297,173,12,32,31,166,442,2,5,82,214,84,15,1058,2330,18,93,750	2,1,1,4,3,1,0,0,0,5,5,5,0,0,0,0,0,0,0,0,0,1,0,0,1,1,0,0,16,0,0,0,1,0,0,0,1,0,1,0,0,0,1,4,0,0,0,0,0,2,2,0,0,0,0,0,0,0,0,0,0,0,0,0,0,0,0,0,0,0,0,0,0,0,0,0,0,0,0,0,0,0,0,0,0,0,0,0,0,0,0,0,0,0,0,0,0,0,0,0,0,0,0,0,0,0,0,0,0,0,0,0,0,0,0,0,0,0,0,0,0,0,0,0,0,0,0,0,0,0,0,0,0,0,0,0,0,0,0,1,0,0,0,0,0,0,0,0,0,0,0,0,0,0,0,0,0,0,0,0,0,0,0,0,0,0,0,0,0,0,0,0,0,0,0,0,0,0,0,0,0,0,1,0,0,0,0,0,0,0,0,0,0,0,0,1,0,1,0,1,3,0,0,0,0,1,0,0,0,0,0,0,0,0,1,0,0,1	ENST00000279022	ENSE00001746408	ENSE00001746408_SE_1	1_2	36548032.0	36548033.0	0.004158325079840023	1.7605202384810464e-06
homo_sapiens	ENSG00000101335	ENST00000346786	ENSE00001277524	ENSE00001277524_SE_0	1_1	36544987.0	36545068.0	20	36545069.0	36548031.0	1.0	1.0	158325.0	69.0	726.2614678899083	218.0	ERR030856,ERR030857,ERR030858,ERR030859,ERR030860,ERR030861,ERR030862,ERR030863,ERR030864,ERR030865,ERR030866,ERR030867,ERR030868,ERR030869,ERR030870,ERR030871,ERR030872,ERR030873,ERR030874,ERR030875,ERR030876,ERR030877,ERR030878,ERR030879,ERR030880,ERR030881,ERR030882,ERR030883,ERR030884,ERR030885,ERR030886,ERR030887,ERR030888,ERR030889,ERR030890,ERR030891,ERR030892,ERR030893,ERR030894,ERR030895,ERR030896,ERR030897,ERR030898,ERR030899,ERR030900,ERR030901,ERR030902,ERR030903,SRR1272186,SRR1272187,SRR1272188,SRR1377145,SRR1377146,SRR1377147,SRR1377148,SRR1377149,SRR1377150,SRR1377151,SRR1377152,SRR1377153,SRR1377154,SRR1377155,SRR1377156,SRR1377157,SRR1377158,SRR1377159,SRR1377160,SRR1377161,SRR1377162,SRR1377163,SRR1377164,SRR1377165,SRR1377166,SRR1377167,SRR1377168,SRR1377169,SRR1377170,SRR1377171,SRR1377172,SRR1377173,SRR1377174,SRR1377175,SRR1377176,SRR1377177,SRR1377178,SRR1377179,SRR1377180,SRR1377181,SRR1377182,SRR1377183,SRR1377184,SRR1377185,SRR1377186,SRR1377187,SRR1377188,SRR1377189,SRR1377190,SRR1377191,SRR1377192,SRR1377193,SRR1377194,SRR1377201,SRR1377202,SRR1377203,SRR1377204,SRR1377205,SRR1377206,SRR1377207,SRR1377208,SRR1377209,SRR1377210,SRR1377211,SRR1377212,SRR1377213,SRR1377214,SRR1377215,SRR1377216,SRR1377217,SRR1377218,SRR1377219,SRR1377220,SRR1377221,SRR1377222,SRR1377223,SRR1377224,SRR1424731,SRR1424732,SRR1424733,SRR1424734,SRR1424735,SRR1424736,SRR1424737,SRR1424738,SRR1424739,SRR1424740,SRR1424741,SRR1424742,SRR1424743,SRR1424744,SRR1424745,SRR1424746,SRR1424747,SRR1424748,SRR1424749,SRR1424750,SRR1424751,SRR1424752,SRR1424753,SRR1424754,SRR1424755,SRR1424756,SRR1721279,SRR1721280,SRR1721281,SRR1721282,SRR1721283,SRR1721284,SRR1721285,SRR1721286,SRR1721287,SRR1721288,SRR1721289,SRR1721290,SRR1721291,SRR1721292,SRR1721293,SRR1721294,SRR1721295,SRR1721296,SRR1721297,SRR1721298,SRR1721299,SRR1721300,SRR1721301,SRR1721302,SRR1721303,SRR1721304,SRR1721305,SRR1721306,SRR1721307,SRR1721308,SRR1721309,SRR1721310,SRR1721311,SRR1721312,SRR1721313,SRR306838,SRR306839,SRR306840,SRR306841,SRR306842,SRR306843,SRR306844,SRR306845,SRR306846,SRR306847,SRR306848,SRR306849,SRR306850,SRR306851,SRR306852,SRR306853,SRR306854,SRR306855,SRR306856,SRR306857,SRR306858,SRR649360,SRR649361,SRR649362,SRR649363,SRR649364,SRR943339,SRR943340,SRR943341,SRR943357,SRR943358,SRR943359	1225,1297,1239,1735,1641,1557,328,329,1227,1186,1617,1543,340,301,321,317,767,4049,1730,117,949,19961,2695,2981,1535,2692,113,1515,12988,758,3752,135,984,2154,44,1194,8405,553,2172,80,2230,2047,15080,811,72,1293,2993,559,3098,7246,4033,26,28,28,18,12,9,9,11,12,4,9,8,22,20,23,23,28,23,19,12,45,46,50,50,27,20,21,31,12,12,13,19,23,22,17,28,4,8,24,4,17,20,5,23,25,26,40,36,31,28,23,18,31,28,33,25,27,18,22,46,56,43,47,46,41,47,47,40,28,35,34,39,34,50,27,20,61,48,83,27,46,49,82,53,34,46,27,31,46,57,70,132,238,170,28,42,51,61,20,23,67,705,750,986,651,41,1293,2045,2045,707,502,248,39,48,76,148,386,297,239,22,65,44,60,100,124,155,234,251,242,177,815,1615,1258,852,874,38,37,34,3,15,9,16,16,18,381,542,831,792,139,297,173,12,32,31,166,442,2,5,82,214,84,15,1058,2330,18,93,750	2,1,1,4,3,1,0,0,0,5,5,5,0,0,0,0,0,0,0,0,0,1,0,0,1,1,0,0,16,0,0,0,1,0,0,0,1,0,1,0,0,0,1,4,0,0,0,0,0,2,2,0,0,0,0,0,0,0,0,0,0,0,0,0,0,0,0,0,0,0,0,0,0,0,0,0,0,0,0,0,0,0,0,0,0,0,0,0,0,0,0,0,0,0,0,0,0,0,0,0,0,0,0,0,0,0,0,0,0,0,0,0,0,0,0,0,0,0,0,0,0,0,0,0,0,0,0,0,0,0,0,0,0,0,0,0,0,0,0,1,0,0,0,0,0,0,0,0,0,0,0,0,0,0,0,0,0,0,0,0,0,0,0,0,0,0,0,0,0,0,0,0,0,0,0,0,0,0,0,0,0,0,1,0,0,0,0,0,0,0,0,0,0,0,0,1,0,1,0,1,3,0,0,0,0,1,0,0,0,0,0,0,0,0,1,0,0,1	ENST00000279022	ENSE00001746408	ENSE00001746408_SE_1	1_2	36548032.0	36548033.0	0.004158325079840023	1.7605202384810464e-06
homo_sapiens	ENSG00000101335	ENST00000279022	ENSE00001277524	ENSE00001277524_SE_0	1_1	36544987.0	36545068.0	20	36545069.0	36548036.0	1.0	1.0	56.0	0.0	1.647058823529412	34.0	ERR030857,ERR030858,ERR030860,ERR030861,ERR030862,ERR030863,ERR030864,ERR030865,ERR030866,ERR030867,ERR030870,ERR030877,ERR030881,ERR030884,ERR030892,ERR030898,ERR030901,ERR030902,SRR1272187,SRR1272188,SRR1377217,SRR1721280,SRR1721281,SRR1721282,SRR1721283,SRR1721286,SRR1721288,SRR1721295,SRR1721310,SRR306844,SRR306847,SRR306848,SRR943341,SRR943359	1,1,7,2,2,1,1,1,2,3,2,1,2,2,1,4,3,1,1,1,1,2,1,1,2,1,1,1,1,1,1,1,2,1	0,0,0,0,0,0,0,0,0,0,0,0,0,0,0,0,0,0,0,0,0,0,0,0,0,0,0,0,0,0,0,0,0,0							1.5121779243050721e-06	0.0
homo_sapiens	ENSG00000101335	ENST00000346786	ENSE00001277524	ENSE00001277524_SE_0	1_1	36544987.0	36545068.0	20	36545069.0	36548036.0	1.0	1.0	56.0	0.0	1.647058823529412	34.0	ERR030857,ERR030858,ERR030860,ERR030861,ERR030862,ERR030863,ERR030864,ERR030865,ERR030866,ERR030867,ERR030870,ERR030877,ERR030881,ERR030884,ERR030892,ERR030898,ERR030901,ERR030902,SRR1272187,SRR1272188,SRR1377217,SRR1721280,SRR1721281,SRR1721282,SRR1721283,SRR1721286,SRR1721288,SRR1721295,SRR1721310,SRR306844,SRR306847,SRR306848,SRR943341,SRR943359	1,1,7,2,2,1,1,1,2,3,2,1,2,2,1,4,3,1,1,1,1,2,1,1,2,1,1,1,1,1,1,1,2,1	0,0,0,0,0,0,0,0,0,0,0,0,0,0,0,0,0,0,0,0,0,0,0,0,0,0,0,0,0,0,0,0,0,0							1.5121779243050721e-06	0.0
homo_sapiens	ENSG00000101335	ENST00000279022	ENSE00001277524	ENSE00001277524_SE_0	1_1	36544987.0	36545068.0	20	36545069.0	36548046.0	1.0	1.0	1.0	0.0	1.0	1.0	ERR030867	1	0							1.6049322778763697e-08	0.0
homo_sapiens	ENSG00000101335	ENST00000346786	ENSE00001277524	ENSE00001277524_SE_0	1_1	36544987.0	36545068.0	20	36545069.0	36548046.0	1.0	1.0	1.0	0.0	1.0	1.0	ERR030867	1	0							1.6049322778763697e-08	0.0
homo_sapiens	ENSG00000101335	ENST00000279022	ENSE00001277524	ENSE00001277524_SE_0	1_1	36544987.0	36545068.0	20	36545069.0	36548123.0	1.0	1.0	7.0	0.0	1.0	7.0	ERR030874,ERR030877,SRR1272186,SRR1272188,SRR1721283,SRR1721307,SRR943341	1,1,1,1,1,1,1	0,0,0,0,0,0,0							3.0473479119894164e-07	0.0
homo_sapiens	ENSG00000101335	ENST00000346786	ENSE00001277524	ENSE00001277524_SE_0	1_1	36544987.0	36545068.0	20	36545069.0	36548123.0	1.0	1.0	7.0	0.0	1.0	7.0	ERR030874,ERR030877,SRR1272186,SRR1272188,SRR1721283,SRR1721307,SRR943341	1,1,1,1,1,1,1	0,0,0,0,0,0,0							3.0473479119894164e-07	0.0
homo_sapiens	ENSG00000101335	ENST00000279022	ENSE00001277524	ENSE00001277524_SE_0	1_1	36544987.0	36545068.0	20	36545069.0	36548126.0	1.0	1.0	1476.0	1.0	14.330097087378638	103.0	ERR030856,ERR030857,ERR030858,ERR030859,ERR030860,ERR030861,ERR030862,ERR030863,ERR030864,ERR030865,ERR030866,ERR030867,ERR030868,ERR030869,ERR030870,ERR030871,ERR030872,ERR030873,ERR030874,ERR030876,ERR030877,ERR030878,ERR030879,ERR030880,ERR030881,ERR030883,ERR030884,ERR030885,ERR030886,ERR030887,ERR030888,ERR030889,ERR030891,ERR030892,ERR030893,ERR030894,ERR030896,ERR030897,ERR030898,ERR030899,ERR030901,ERR030902,ERR030903,SRR1272186,SRR1272187,SRR1272188,SRR1377147,SRR1377165,SRR1377166,SRR1377168,SRR1377170,SRR1377172,SRR1377173,SRR1377183,SRR1377186,SRR1377188,SRR1377201,SRR1377202,SRR1377203,SRR1377206,SRR1377214,SRR1377216,SRR1377224,SRR1424735,SRR1424737,SRR1424738,SRR1424744,SRR1424748,SRR1424749,SRR1424752,SRR1424753,SRR1721280,SRR1721281,SRR1721282,SRR1721283,SRR1721285,SRR1721286,SRR1721287,SRR1721288,SRR1721289,SRR1721295,SRR1721297,SRR1721306,SRR1721307,SRR1721309,SRR1721310,SRR1721311,SRR1721312,SRR1721313,SRR306846,SRR306848,SRR306849,SRR306850,SRR306852,SRR306853,SRR306854,SRR306857,SRR306858,SRR649362,SRR943340,SRR943341,SRR943358,SRR943359	17,13,16,25,19,27,8,2,14,8,19,19,4,2,3,3,24,58,38,14,157,7,13,23,44,28,88,8,17,1,27,39,28,43,10,5,10,11,158,2,36,41,30,18,74,21,1,1,1,1,1,1,2,1,1,1,1,1,1,1,1,2,1,1,2,1,1,1,7,1,2,9,6,11,5,9,10,15,2,1,2,1,1,1,7,1,4,2,3,1,2,3,3,4,1,1,1,5,3,11,33,2,9	0,0,0,0,0,0,0,0,0,0,1,0,0,0,0,0,0,0,0,0,0,0,0,0,0,0,0,0,0,0,0,0,0,0,0,0,0,0,0,0,0,0,0,0,0,0,0,0,0,0,0,0,0,0,0,0,0,0,0,0,0,0,0,0,0,0,0,0,0,0,0,0,0,0,0,0,0,0,0,0,0,0,0,0,0,0,0,0,0,0,0,0,0,0,0,0,0,0,0,0,0,0,0							3.448575938922888e-05	1.5951243556554982e-08
homo_sapiens	ENSG00000101335	ENST00000346786	ENSE00001277524	ENSE00001277524_SE_0	1_1	36544987.0	36545068.0	20	36545069.0	36548126.0	1.0	1.0	1476.0	1.0	14.330097087378638	103.0	ERR030856,ERR030857,ERR030858,ERR030859,ERR030860,ERR030861,ERR030862,ERR030863,ERR030864,ERR030865,ERR030866,ERR030867,ERR030868,ERR030869,ERR030870,ERR030871,ERR030872,ERR030873,ERR030874,ERR030876,ERR030877,ERR030878,ERR030879,ERR030880,ERR030881,ERR030883,ERR030884,ERR030885,ERR030886,ERR030887,ERR030888,ERR030889,ERR030891,ERR030892,ERR030893,ERR030894,ERR030896,ERR030897,ERR030898,ERR030899,ERR030901,ERR030902,ERR030903,SRR1272186,SRR1272187,SRR1272188,SRR1377147,SRR1377165,SRR1377166,SRR1377168,SRR1377170,SRR1377172,SRR1377173,SRR1377183,SRR1377186,SRR1377188,SRR1377201,SRR1377202,SRR1377203,SRR1377206,SRR1377214,SRR1377216,SRR1377224,SRR1424735,SRR1424737,SRR1424738,SRR1424744,SRR1424748,SRR1424749,SRR1424752,SRR1424753,SRR1721280,SRR1721281,SRR1721282,SRR1721283,SRR1721285,SRR1721286,SRR1721287,SRR1721288,SRR1721289,SRR1721295,SRR1721297,SRR1721306,SRR1721307,SRR1721309,SRR1721310,SRR1721311,SRR1721312,SRR1721313,SRR306846,SRR306848,SRR306849,SRR306850,SRR306852,SRR306853,SRR306854,SRR306857,SRR306858,SRR649362,SRR943340,SRR943341,SRR943358,SRR943359	17,13,16,25,19,27,8,2,14,8,19,19,4,2,3,3,24,58,38,14,157,7,13,23,44,28,88,8,17,1,27,39,28,43,10,5,10,11,158,2,36,41,30,18,74,21,1,1,1,1,1,1,2,1,1,1,1,1,1,1,1,2,1,1,2,1,1,1,7,1,2,9,6,11,5,9,10,15,2,1,2,1,1,1,7,1,4,2,3,1,2,3,3,4,1,1,1,5,3,11,33,2,9	0,0,0,0,0,0,0,0,0,0,1,0,0,0,0,0,0,0,0,0,0,0,0,0,0,0,0,0,0,0,0,0,0,0,0,0,0,0,0,0,0,0,0,0,0,0,0,0,0,0,0,0,0,0,0,0,0,0,0,0,0,0,0,0,0,0,0,0,0,0,0,0,0,0,0,0,0,0,0,0,0,0,0,0,0,0,0,0,0,0,0,0,0,0,0,0,0,0,0,0,0,0,0							3.448575938922888e-05	1.5951243556554982e-08
homo_sapiens	ENSG00000101335	ENST00000279022	ENSE00001277524	ENSE00001277524_SE_0	1_1	36544987.0	36545068.0	20	36545069.0	36549076.0	1.0	1.0	1662.0	1.0	12.49624060150376	133.0	ERR030856,ERR030857,ERR030858,ERR030859,ERR030860,ERR030861,ERR030862,ERR030863,ERR030864,ERR030865,ERR030866,ERR030867,ERR030868,ERR030869,ERR030870,ERR030871,ERR030872,ERR030873,ERR030874,ERR030876,ERR030877,ERR030878,ERR030879,ERR030880,ERR030881,ERR030883,ERR030884,ERR030885,ERR030886,ERR030887,ERR030888,ERR030889,ERR030890,ERR030891,ERR030892,ERR030893,ERR030894,ERR030896,ERR030897,ERR030898,ERR030899,ERR030901,ERR030902,ERR030903,SRR1272186,SRR1272187,SRR1272188,SRR1377146,SRR1377148,SRR1377149,SRR1377152,SRR1377155,SRR1377160,SRR1377161,SRR1377162,SRR1377164,SRR1377166,SRR1377170,SRR1377174,SRR1377186,SRR1377188,SRR1377191,SRR1377201,SRR1377205,SRR1377209,SRR1377210,SRR1377212,SRR1377213,SRR1377217,SRR1377219,SRR1377221,SRR1377223,SRR1424731,SRR1424732,SRR1424733,SRR1424735,SRR1424737,SRR1424738,SRR1424740,SRR1424741,SRR1424742,SRR1424743,SRR1424744,SRR1424746,SRR1424748,SRR1424749,SRR1424750,SRR1424751,SRR1424753,SRR1424754,SRR1424755,SRR1721280,SRR1721281,SRR1721282,SRR1721283,SRR1721284,SRR1721285,SRR1721287,SRR1721288,SRR1721289,SRR1721294,SRR1721295,SRR1721296,SRR1721299,SRR1721300,SRR1721301,SRR1721302,SRR1721303,SRR1721305,SRR1721306,SRR1721307,SRR1721309,SRR1721310,SRR1721311,SRR1721312,SRR1721313,SRR306844,SRR306847,SRR306848,SRR306849,SRR306850,SRR306851,SRR306852,SRR306855,SRR306857,SRR306858,SRR649360,SRR649362,SRR649363,SRR649364,SRR943340,SRR943341,SRR943359	19,10,10,20,20,24,6,2,14,11,13,15,3,3,3,5,14,52,50,18,93,63,132,9,32,26,63,45,27,1,15,36,1,18,38,32,13,68,67,66,19,46,58,21,13,67,20,1,2,2,1,1,2,1,2,2,1,1,1,1,1,1,1,1,1,1,1,1,3,1,1,1,1,1,1,2,1,1,2,1,1,1,1,1,2,3,2,2,1,2,1,10,9,11,9,1,5,6,3,1,2,2,2,5,2,3,1,1,5,9,2,4,4,2,4,1,1,1,4,4,6,1,4,2,4,18,1,4,2,2,8,28,8	0,0,0,0,0,0,0,0,0,0,0,0,0,0,0,0,0,0,0,0,0,0,0,0,0,0,0,0,0,0,0,0,0,0,0,0,0,0,0,0,0,1,0,0,0,0,0,0,0,0,0,0,0,0,0,0,0,0,0,0,0,0,0,0,0,0,0,0,0,0,0,0,0,0,0,0,0,0,0,0,0,0,0,0,0,0,0,0,0,0,0,0,0,0,0,0,0,0,0,0,0,0,0,0,0,0,0,0,0,0,0,0,0,0,0,0,0,0,0,0,0,0,0,0,0,0,0,0,0,0,0,0,0	ENST00000279022	ENSE00001335901/ENSE00003715347	ENSE00001335901_SE_2	1_4	36549077.0	36549078.0	3.968122084520373e-05	1.3988072482498753e-08
homo_sapiens	ENSG00000101335	ENST00000279022	ENSE00001277524	ENSE00001277524_SE_0	1_1	36544987.0	36545068.0	20	36545069.0	36549076.0	1.0	1.0	1662.0	1.0	12.49624060150376	133.0	ERR030856,ERR030857,ERR030858,ERR030859,ERR030860,ERR030861,ERR030862,ERR030863,ERR030864,ERR030865,ERR030866,ERR030867,ERR030868,ERR030869,ERR030870,ERR030871,ERR030872,ERR030873,ERR030874,ERR030876,ERR030877,ERR030878,ERR030879,ERR030880,ERR030881,ERR030883,ERR030884,ERR030885,ERR030886,ERR030887,ERR030888,ERR030889,ERR030890,ERR030891,ERR030892,ERR030893,ERR030894,ERR030896,ERR030897,ERR030898,ERR030899,ERR030901,ERR030902,ERR030903,SRR1272186,SRR1272187,SRR1272188,SRR1377146,SRR1377148,SRR1377149,SRR1377152,SRR1377155,SRR1377160,SRR1377161,SRR1377162,SRR1377164,SRR1377166,SRR1377170,SRR1377174,SRR1377186,SRR1377188,SRR1377191,SRR1377201,SRR1377205,SRR1377209,SRR1377210,SRR1377212,SRR1377213,SRR1377217,SRR1377219,SRR1377221,SRR1377223,SRR1424731,SRR1424732,SRR1424733,SRR1424735,SRR1424737,SRR1424738,SRR1424740,SRR1424741,SRR1424742,SRR1424743,SRR1424744,SRR1424746,SRR1424748,SRR1424749,SRR1424750,SRR1424751,SRR1424753,SRR1424754,SRR1424755,SRR1721280,SRR1721281,SRR1721282,SRR1721283,SRR1721284,SRR1721285,SRR1721287,SRR1721288,SRR1721289,SRR1721294,SRR1721295,SRR1721296,SRR1721299,SRR1721300,SRR1721301,SRR1721302,SRR1721303,SRR1721305,SRR1721306,SRR1721307,SRR1721309,SRR1721310,SRR1721311,SRR1721312,SRR1721313,SRR306844,SRR306847,SRR306848,SRR306849,SRR306850,SRR306851,SRR306852,SRR306855,SRR306857,SRR306858,SRR649360,SRR649362,SRR649363,SRR649364,SRR943340,SRR943341,SRR943359	19,10,10,20,20,24,6,2,14,11,13,15,3,3,3,5,14,52,50,18,93,63,132,9,32,26,63,45,27,1,15,36,1,18,38,32,13,68,67,66,19,46,58,21,13,67,20,1,2,2,1,1,2,1,2,2,1,1,1,1,1,1,1,1,1,1,1,1,3,1,1,1,1,1,1,2,1,1,2,1,1,1,1,1,2,3,2,2,1,2,1,10,9,11,9,1,5,6,3,1,2,2,2,5,2,3,1,1,5,9,2,4,4,2,4,1,1,1,4,4,6,1,4,2,4,18,1,4,2,2,8,28,8	0,0,0,0,0,0,0,0,0,0,0,0,0,0,0,0,0,0,0,0,0,0,0,0,0,0,0,0,0,0,0,0,0,0,0,0,0,0,0,0,0,1,0,0,0,0,0,0,0,0,0,0,0,0,0,0,0,0,0,0,0,0,0,0,0,0,0,0,0,0,0,0,0,0,0,0,0,0,0,0,0,0,0,0,0,0,0,0,0,0,0,0,0,0,0,0,0,0,0,0,0,0,0,0,0,0,0,0,0,0,0,0,0,0,0,0,0,0,0,0,0,0,0,0,0,0,0,0,0,0,0,0,0	ENST00000346786	ENSE00001335901/ENSE00003715347	ENSE00001335901_SE_2	1_4	36549077.0	36549078.0	3.968122084520373e-05	1.3988072482498753e-08
homo_sapiens	ENSG00000101335	ENST00000346786	ENSE00001277524	ENSE00001277524_SE_0	1_1	36544987.0	36545068.0	20	36545069.0	36549076.0	1.0	1.0	1662.0	1.0	12.49624060150376	133.0	ERR030856,ERR030857,ERR030858,ERR030859,ERR030860,ERR030861,ERR030862,ERR030863,ERR030864,ERR030865,ERR030866,ERR030867,ERR030868,ERR030869,ERR030870,ERR030871,ERR030872,ERR030873,ERR030874,ERR030876,ERR030877,ERR030878,ERR030879,ERR030880,ERR030881,ERR030883,ERR030884,ERR030885,ERR030886,ERR030887,ERR030888,ERR030889,ERR030890,ERR030891,ERR030892,ERR030893,ERR030894,ERR030896,ERR030897,ERR030898,ERR030899,ERR030901,ERR030902,ERR030903,SRR1272186,SRR1272187,SRR1272188,SRR1377146,SRR1377148,SRR1377149,SRR1377152,SRR1377155,SRR1377160,SRR1377161,SRR1377162,SRR1377164,SRR1377166,SRR1377170,SRR1377174,SRR1377186,SRR1377188,SRR1377191,SRR1377201,SRR1377205,SRR1377209,SRR1377210,SRR1377212,SRR1377213,SRR1377217,SRR1377219,SRR1377221,SRR1377223,SRR1424731,SRR1424732,SRR1424733,SRR1424735,SRR1424737,SRR1424738,SRR1424740,SRR1424741,SRR1424742,SRR1424743,SRR1424744,SRR1424746,SRR1424748,SRR1424749,SRR1424750,SRR1424751,SRR1424753,SRR1424754,SRR1424755,SRR1721280,SRR1721281,SRR1721282,SRR1721283,SRR1721284,SRR1721285,SRR1721287,SRR1721288,SRR1721289,SRR1721294,SRR1721295,SRR1721296,SRR1721299,SRR1721300,SRR1721301,SRR1721302,SRR1721303,SRR1721305,SRR1721306,SRR1721307,SRR1721309,SRR1721310,SRR1721311,SRR1721312,SRR1721313,SRR306844,SRR306847,SRR306848,SRR306849,SRR306850,SRR306851,SRR306852,SRR306855,SRR306857,SRR306858,SRR649360,SRR649362,SRR649363,SRR649364,SRR943340,SRR943341,SRR943359	19,10,10,20,20,24,6,2,14,11,13,15,3,3,3,5,14,52,50,18,93,63,132,9,32,26,63,45,27,1,15,36,1,18,38,32,13,68,67,66,19,46,58,21,13,67,20,1,2,2,1,1,2,1,2,2,1,1,1,1,1,1,1,1,1,1,1,1,3,1,1,1,1,1,1,2,1,1,2,1,1,1,1,1,2,3,2,2,1,2,1,10,9,11,9,1,5,6,3,1,2,2,2,5,2,3,1,1,5,9,2,4,4,2,4,1,1,1,4,4,6,1,4,2,4,18,1,4,2,2,8,28,8	0,0,0,0,0,0,0,0,0,0,0,0,0,0,0,0,0,0,0,0,0,0,0,0,0,0,0,0,0,0,0,0,0,0,0,0,0,0,0,0,0,1,0,0,0,0,0,0,0,0,0,0,0,0,0,0,0,0,0,0,0,0,0,0,0,0,0,0,0,0,0,0,0,0,0,0,0,0,0,0,0,0,0,0,0,0,0,0,0,0,0,0,0,0,0,0,0,0,0,0,0,0,0,0,0,0,0,0,0,0,0,0,0,0,0,0,0,0,0,0,0,0,0,0,0,0,0,0,0,0,0,0,0	ENST00000279022	ENSE00001335901/ENSE00003715347	ENSE00001335901_SE_2	1_4	36549077.0	36549078.0	3.968122084520373e-05	1.3988072482498753e-08
homo_sapiens	ENSG00000101335	ENST00000346786	ENSE00001277524	ENSE00001277524_SE_0	1_1	36544987.0	36545068.0	20	36545069.0	36549076.0	1.0	1.0	1662.0	1.0	12.49624060150376	133.0	ERR030856,ERR030857,ERR030858,ERR030859,ERR030860,ERR030861,ERR030862,ERR030863,ERR030864,ERR030865,ERR030866,ERR030867,ERR030868,ERR030869,ERR030870,ERR030871,ERR030872,ERR030873,ERR030874,ERR030876,ERR030877,ERR030878,ERR030879,ERR030880,ERR030881,ERR030883,ERR030884,ERR030885,ERR030886,ERR030887,ERR030888,ERR030889,ERR030890,ERR030891,ERR030892,ERR030893,ERR030894,ERR030896,ERR030897,ERR030898,ERR030899,ERR030901,ERR030902,ERR030903,SRR1272186,SRR1272187,SRR1272188,SRR1377146,SRR1377148,SRR1377149,SRR1377152,SRR1377155,SRR1377160,SRR1377161,SRR1377162,SRR1377164,SRR1377166,SRR1377170,SRR1377174,SRR1377186,SRR1377188,SRR1377191,SRR1377201,SRR1377205,SRR1377209,SRR1377210,SRR1377212,SRR1377213,SRR1377217,SRR1377219,SRR1377221,SRR1377223,SRR1424731,SRR1424732,SRR1424733,SRR1424735,SRR1424737,SRR1424738,SRR1424740,SRR1424741,SRR1424742,SRR1424743,SRR1424744,SRR1424746,SRR1424748,SRR1424749,SRR1424750,SRR1424751,SRR1424753,SRR1424754,SRR1424755,SRR1721280,SRR1721281,SRR1721282,SRR1721283,SRR1721284,SRR1721285,SRR1721287,SRR1721288,SRR1721289,SRR1721294,SRR1721295,SRR1721296,SRR1721299,SRR1721300,SRR1721301,SRR1721302,SRR1721303,SRR1721305,SRR1721306,SRR1721307,SRR1721309,SRR1721310,SRR1721311,SRR1721312,SRR1721313,SRR306844,SRR306847,SRR306848,SRR306849,SRR306850,SRR306851,SRR306852,SRR306855,SRR306857,SRR306858,SRR649360,SRR649362,SRR649363,SRR649364,SRR943340,SRR943341,SRR943359	19,10,10,20,20,24,6,2,14,11,13,15,3,3,3,5,14,52,50,18,93,63,132,9,32,26,63,45,27,1,15,36,1,18,38,32,13,68,67,66,19,46,58,21,13,67,20,1,2,2,1,1,2,1,2,2,1,1,1,1,1,1,1,1,1,1,1,1,3,1,1,1,1,1,1,2,1,1,2,1,1,1,1,1,2,3,2,2,1,2,1,10,9,11,9,1,5,6,3,1,2,2,2,5,2,3,1,1,5,9,2,4,4,2,4,1,1,1,4,4,6,1,4,2,4,18,1,4,2,2,8,28,8	0,0,0,0,0,0,0,0,0,0,0,0,0,0,0,0,0,0,0,0,0,0,0,0,0,0,0,0,0,0,0,0,0,0,0,0,0,0,0,0,0,1,0,0,0,0,0,0,0,0,0,0,0,0,0,0,0,0,0,0,0,0,0,0,0,0,0,0,0,0,0,0,0,0,0,0,0,0,0,0,0,0,0,0,0,0,0,0,0,0,0,0,0,0,0,0,0,0,0,0,0,0,0,0,0,0,0,0,0,0,0,0,0,0,0,0,0,0,0,0,0,0,0,0,0,0,0,0,0,0,0,0,0	ENST00000346786	ENSE00001335901/ENSE00003715347	ENSE00001335901_SE_2	1_4	36549077.0	36549078.0	3.968122084520373e-05	1.3988072482498753e-08
homo_sapiens	ENSG00000101335	ENST00000279022	ENSE00001746408	ENSE00001746408_SE_1	1_3	36548034.0	36548193.0	20	36548194.0	36549076.0	1.0	1.0	156574.0	1245.0	718.2293577981649	218.0	ERR030856,ERR030857,ERR030858,ERR030859,ERR030860,ERR030861,ERR030862,ERR030863,ERR030864,ERR030865,ERR030866,ERR030867,ERR030868,ERR030869,ERR030870,ERR030871,ERR030872,ERR030873,ERR030874,ERR030875,ERR030876,ERR030877,ERR030878,ERR030879,ERR030880,ERR030881,ERR030882,ERR030883,ERR030884,ERR030885,ERR030886,ERR030887,ERR030888,ERR030889,ERR030890,ERR030891,ERR030892,ERR030893,ERR030894,ERR030895,ERR030896,ERR030897,ERR030898,ERR030899,ERR030900,ERR030901,ERR030902,ERR030903,SRR1272186,SRR1272187,SRR1272188,SRR1377145,SRR1377146,SRR1377147,SRR1377148,SRR1377149,SRR1377150,SRR1377151,SRR1377152,SRR1377153,SRR1377154,SRR1377155,SRR1377156,SRR1377157,SRR1377158,SRR1377159,SRR1377160,SRR1377161,SRR1377162,SRR1377163,SRR1377164,SRR1377165,SRR1377166,SRR1377167,SRR1377168,SRR1377169,SRR1377170,SRR1377171,SRR1377172,SRR1377173,SRR1377174,SRR1377175,SRR1377176,SRR1377177,SRR1377178,SRR1377179,SRR1377180,SRR1377181,SRR1377182,SRR1377183,SRR1377184,SRR1377185,SRR1377186,SRR1377187,SRR1377188,SRR1377189,SRR1377190,SRR1377191,SRR1377192,SRR1377193,SRR1377194,SRR1377201,SRR1377202,SRR1377203,SRR1377204,SRR1377205,SRR1377206,SRR1377207,SRR1377208,SRR1377209,SRR1377210,SRR1377211,SRR1377212,SRR1377213,SRR1377214,SRR1377215,SRR1377216,SRR1377217,SRR1377218,SRR1377219,SRR1377220,SRR1377221,SRR1377222,SRR1377223,SRR1377224,SRR1424731,SRR1424732,SRR1424733,SRR1424734,SRR1424735,SRR1424736,SRR1424737,SRR1424738,SRR1424739,SRR1424740,SRR1424741,SRR1424742,SRR1424743,SRR1424744,SRR1424745,SRR1424746,SRR1424747,SRR1424748,SRR1424749,SRR1424750,SRR1424751,SRR1424752,SRR1424753,SRR1424754,SRR1424755,SRR1424756,SRR1721279,SRR1721280,SRR1721281,SRR1721282,SRR1721283,SRR1721284,SRR1721285,SRR1721286,SRR1721287,SRR1721288,SRR1721289,SRR1721290,SRR1721291,SRR1721292,SRR1721293,SRR1721294,SRR1721295,SRR1721296,SRR1721297,SRR1721298,SRR1721299,SRR1721300,SRR1721301,SRR1721302,SRR1721303,SRR1721304,SRR1721305,SRR1721306,SRR1721307,SRR1721308,SRR1721309,SRR1721310,SRR1721311,SRR1721312,SRR1721313,SRR306838,SRR306839,SRR306840,SRR306841,SRR306842,SRR306843,SRR306844,SRR306845,SRR306846,SRR306847,SRR306848,SRR306849,SRR306850,SRR306851,SRR306852,SRR306853,SRR306854,SRR306855,SRR306856,SRR306857,SRR306858,SRR649360,SRR649361,SRR649362,SRR649363,SRR649364,SRR943339,SRR943340,SRR943341,SRR943357,SRR943358,SRR943359	1140,1152,1095,1381,1318,1336,303,231,1164,1077,1261,1134,273,273,281,273,679,5714,2107,122,726,21016,2755,2532,1378,2167,216,1212,17143,773,2867,138,1599,2387,197,1464,17831,704,1797,64,1924,1997,16115,752,111,2143,6412,670,1545,4017,2503,17,16,22,14,3,2,3,1,5,3,5,2,12,16,15,12,11,8,9,12,28,16,19,23,9,14,7,11,10,4,8,8,13,15,9,11,4,5,16,8,10,8,6,6,11,14,13,15,20,22,15,22,19,16,20,20,15,16,20,32,35,38,20,25,29,30,26,17,25,19,21,27,25,28,12,23,51,35,51,18,26,42,70,28,21,33,17,24,36,31,45,70,129,116,25,26,31,41,16,10,25,378,499,565,351,24,774,1159,1049,313,206,74,9,35,29,75,199,146,102,13,29,13,38,46,58,66,95,139,148,79,388,918,636,422,406,25,35,22,9,7,3,20,22,13,308,399,666,735,97,147,148,10,17,31,121,581,3,1,50,92,31,12,490,922,6,59,379	0,1,2,4,3,2,2,3,1,3,2,1,0,0,0,0,2,5,2,0,51,584,102,89,11,2,0,2,53,0,125,0,0,0,0,0,5,1,0,0,0,0,1,0,0,0,6,0,9,20,35,0,0,0,0,0,0,0,0,0,0,0,0,1,0,0,0,1,0,0,0,1,0,1,0,0,0,1,0,0,0,0,0,0,0,0,0,0,0,0,0,0,0,0,0,0,0,0,0,0,0,1,0,0,0,0,0,0,0,0,0,0,0,0,0,0,1,1,0,1,0,0,0,1,0,1,1,1,0,0,0,0,0,1,0,0,0,1,1,1,1,0,1,1,0,1,0,1,0,0,0,1,4,3,0,4,1,7,8,6,4,4,3,0,1,0,0,0,5,0,0,0,0,2,1,4,0,2,1,0,3,4,7,5,5,4,0,0,0,0,1,0,0,0,0,0,0,0,0,0,0,0,0,0,0,0,0,0,0,0,0,0,0,1,0,1,0,2	ENST00000279022	ENSE00001335901/ENSE00003715347	ENSE00001335901_SE_2	1_4	36549077.0	36549078.0	0.0032709330167885312	2.508817214593923e-05
homo_sapiens	ENSG00000101335	ENST00000279022	ENSE00001746408	ENSE00001746408_SE_1	1_3	36548034.0	36548193.0	20	36548194.0	36549076.0	1.0	1.0	156574.0	1245.0	718.2293577981649	218.0	ERR030856,ERR030857,ERR030858,ERR030859,ERR030860,ERR030861,ERR030862,ERR030863,ERR030864,ERR030865,ERR030866,ERR030867,ERR030868,ERR030869,ERR030870,ERR030871,ERR030872,ERR030873,ERR030874,ERR030875,ERR030876,ERR030877,ERR030878,ERR030879,ERR030880,ERR030881,ERR030882,ERR030883,ERR030884,ERR030885,ERR030886,ERR030887,ERR030888,ERR030889,ERR030890,ERR030891,ERR030892,ERR030893,ERR030894,ERR030895,ERR030896,ERR030897,ERR030898,ERR030899,ERR030900,ERR030901,ERR030902,ERR030903,SRR1272186,SRR1272187,SRR1272188,SRR1377145,SRR1377146,SRR1377147,SRR1377148,SRR1377149,SRR1377150,SRR1377151,SRR1377152,SRR1377153,SRR1377154,SRR1377155,SRR1377156,SRR1377157,SRR1377158,SRR1377159,SRR1377160,SRR1377161,SRR1377162,SRR1377163,SRR1377164,SRR1377165,SRR1377166,SRR1377167,SRR1377168,SRR1377169,SRR1377170,SRR1377171,SRR1377172,SRR1377173,SRR1377174,SRR1377175,SRR1377176,SRR1377177,SRR1377178,SRR1377179,SRR1377180,SRR1377181,SRR1377182,SRR1377183,SRR1377184,SRR1377185,SRR1377186,SRR1377187,SRR1377188,SRR1377189,SRR1377190,SRR1377191,SRR1377192,SRR1377193,SRR1377194,SRR1377201,SRR1377202,SRR1377203,SRR1377204,SRR1377205,SRR1377206,SRR1377207,SRR1377208,SRR1377209,SRR1377210,SRR1377211,SRR1377212,SRR1377213,SRR1377214,SRR1377215,SRR1377216,SRR1377217,SRR1377218,SRR1377219,SRR1377220,SRR1377221,SRR1377222,SRR1377223,SRR1377224,SRR1424731,SRR1424732,SRR1424733,SRR1424734,SRR1424735,SRR1424736,SRR1424737,SRR1424738,SRR1424739,SRR1424740,SRR1424741,SRR1424742,SRR1424743,SRR1424744,SRR1424745,SRR1424746,SRR1424747,SRR1424748,SRR1424749,SRR1424750,SRR1424751,SRR1424752,SRR1424753,SRR1424754,SRR1424755,SRR1424756,SRR1721279,SRR1721280,SRR1721281,SRR1721282,SRR1721283,SRR1721284,SRR1721285,SRR1721286,SRR1721287,SRR1721288,SRR1721289,SRR1721290,SRR1721291,SRR1721292,SRR1721293,SRR1721294,SRR1721295,SRR1721296,SRR1721297,SRR1721298,SRR1721299,SRR1721300,SRR1721301,SRR1721302,SRR1721303,SRR1721304,SRR1721305,SRR1721306,SRR1721307,SRR1721308,SRR1721309,SRR1721310,SRR1721311,SRR1721312,SRR1721313,SRR306838,SRR306839,SRR306840,SRR306841,SRR306842,SRR306843,SRR306844,SRR306845,SRR306846,SRR306847,SRR306848,SRR306849,SRR306850,SRR306851,SRR306852,SRR306853,SRR306854,SRR306855,SRR306856,SRR306857,SRR306858,SRR649360,SRR649361,SRR649362,SRR649363,SRR649364,SRR943339,SRR943340,SRR943341,SRR943357,SRR943358,SRR943359	1140,1152,1095,1381,1318,1336,303,231,1164,1077,1261,1134,273,273,281,273,679,5714,2107,122,726,21016,2755,2532,1378,2167,216,1212,17143,773,2867,138,1599,2387,197,1464,17831,704,1797,64,1924,1997,16115,752,111,2143,6412,670,1545,4017,2503,17,16,22,14,3,2,3,1,5,3,5,2,12,16,15,12,11,8,9,12,28,16,19,23,9,14,7,11,10,4,8,8,13,15,9,11,4,5,16,8,10,8,6,6,11,14,13,15,20,22,15,22,19,16,20,20,15,16,20,32,35,38,20,25,29,30,26,17,25,19,21,27,25,28,12,23,51,35,51,18,26,42,70,28,21,33,17,24,36,31,45,70,129,116,25,26,31,41,16,10,25,378,499,565,351,24,774,1159,1049,313,206,74,9,35,29,75,199,146,102,13,29,13,38,46,58,66,95,139,148,79,388,918,636,422,406,25,35,22,9,7,3,20,22,13,308,399,666,735,97,147,148,10,17,31,121,581,3,1,50,92,31,12,490,922,6,59,379	0,1,2,4,3,2,2,3,1,3,2,1,0,0,0,0,2,5,2,0,51,584,102,89,11,2,0,2,53,0,125,0,0,0,0,0,5,1,0,0,0,0,1,0,0,0,6,0,9,20,35,0,0,0,0,0,0,0,0,0,0,0,0,1,0,0,0,1,0,0,0,1,0,1,0,0,0,1,0,0,0,0,0,0,0,0,0,0,0,0,0,0,0,0,0,0,0,0,0,0,0,1,0,0,0,0,0,0,0,0,0,0,0,0,0,0,1,1,0,1,0,0,0,1,0,1,1,1,0,0,0,0,0,1,0,0,0,1,1,1,1,0,1,1,0,1,0,1,0,0,0,1,4,3,0,4,1,7,8,6,4,4,3,0,1,0,0,0,5,0,0,0,0,2,1,4,0,2,1,0,3,4,7,5,5,4,0,0,0,0,1,0,0,0,0,0,0,0,0,0,0,0,0,0,0,0,0,0,0,0,0,0,0,1,0,1,0,2	ENST00000346786	ENSE00001335901/ENSE00003715347	ENSE00001335901_SE_2	1_4	36549077.0	36549078.0	0.0032709330167885312	2.508817214593923e-05
homo_sapiens	ENSG00000101335							20	36541562.0	36548031.0	1.0	1.0	33.0	0.0	2.5384615384615383	13.0	ERR030874,ERR030877,ERR030883,ERR030884,ERR030894,ERR030901,SRR1272186,SRR1272187,SRR1272188,SRR1424732,SRR1721286,SRR1721287,SRR306849	1,8,2,4,1,1,1,6,2,1,4,1,1	0,0,0,0,0,0,0,0,0,0,0,0,0	ENST00000279022	ENSE00001746408	ENSE00001746408_SE_1	1_2	36548032.0	36548033.0	1.1620584553259857e-06	0.0
homo_sapiens	ENSG00000101335							20	36545091.0	36548031.0	1.0	1.0	13.0	0.0	1.1818181818181817	11.0	ERR030859,ERR030860,ERR030869,ERR030871,ERR030894,SRR1272187,SRR1721283,SRR1721288,SRR1721301,SRR1721312,SRR943340	1,1,2,1,1,2,1,1,1,1,1	0,0,0,0,0,0,0,0,0,0,0	ENST00000279022	ENSE00001746408	ENSE00001746408_SE_1	1_2	36548032.0	36548033.0	5.565299411704505e-07	0.0
homo_sapiens	ENSG00000101335							20	36545946.0	36548031.0	1.0	1.0	24.0	0.0	1.4117647058823528	17.0	ERR030856,ERR030859,ERR030860,ERR030861,ERR030865,ERR030866,ERR030867,ERR030868,ERR030881,ERR030889,ERR030898,SRR1272188,SRR1424749,SRR1721309,SRR1721313,SRR306850,SRR943341	1,1,1,1,1,1,1,1,2,2,6,1,1,1,1,1,1	0,0,0,0,0,0,0,0,0,0,0,0,0,0,0,0,0	ENST00000279022	ENSE00001746408	ENSE00001746408_SE_1	1_2	36548032.0	36548033.0	5.859779790280525e-07	0.0
homo_sapiens	ENSG00000101335							20	36547199.0	36548031.0	1.0	1.0	2.0	0.0	2.0	1.0	SRR1721281	2	0	ENST00000279022	ENSE00001746408	ENSE00001746408_SE_1	1_2	36548032.0	36548033.0	9.94403398234397e-08	0.0
homo_sapiens	ENSG00000101335							20	36548298.0	36549076.0	1.0	1.0	1.0	0.0	1.0	1.0	SRR1721283	1	0	ENST00000279022	ENSE00001335901/ENSE00003715347	ENSE00001335901_SE_2	1_4	36549077.0	36549078.0	4.702440830127523e-08	0.0
homo_sapiens	ENSG00000101335							20	36548298.0	36549076.0	1.0	1.0	1.0	0.0	1.0	1.0	SRR1721283	1	0	ENST00000346786	ENSE00001335901/ENSE00003715347	ENSE00001335901_SE_2	1_4	36549077.0	36549078.0	4.702440830127523e-08	0.0
homo_sapiens									36541687.0	36544863.0	1.0	1.0	1.0	0.0	1.0	1.0	ERR030892	1	0							1.3553052713310988e-08	0.0
homo_sapiens									36541715.0	36544582.0	1.0	1.0	1.0	0.0	1.0	1.0	SRR1272187	1	0							7.152634283019582e-08	0.0
homo_sapiens									36543160.0	36544368.0	1.0	1.0	2.0	0.0	1.0	2.0	ERR030898,SRR1272188	1,1	0,0							6.654704935348195e-08	0.0
homo_sapiens									36544495.0	36544582.0	1.0	1.0	84.0	0.0	3.0	28.0	ERR030856,ERR030857,ERR030858,ERR030859,ERR030861,ERR030864,ERR030865,ERR030866,ERR030867,ERR030872,ERR030877,ERR030881,ERR030884,ERR030886,ERR030889,ERR030892,ERR030898,SRR1272187,SRR1272188,SRR1721282,SRR1721286,SRR1721287,SRR1721289,SRR1721290,SRR1721294,SRR1721310,SRR306852,SRR943340	1,3,2,1,2,2,2,2,2,7,12,2,11,4,1,6,11,1,1,1,1,2,2,1,1,1,1,1	0,0,0,0,0,0,0,0,0,0,0,0,0,0,0,0,0,0,0,0,0,0,0,0,0,0,0,0							1.7011670692853643e-06	0.0
homo_sapiens									36544495.0	36544968.0	1.0	1.0	1.0	0.0	1.0	1.0	SRR306850	1	0							5.1142814314403215e-08	0.0
homo_sapiens									36544892.0	36545104.0	1.0	3.0	1.0	0.0	1.0	1.0	SRR1272187	1	0							7.152634283019582e-08	0.0
homo_sapiens									36546272.0	36549380.0	1.0	1.0	0.0	2.0	0.0	1.0	ERR030892	0	2							0.0	2.7106105426621976e-08
homo_sapiens									36547108.0	36547154.0	1.0	3.0	1.0	0.0	1.0	1.0	SRR1721302	1	0							6.39985705279287e-08	0.0
homo_sapiens									36547168.0	36547388.0	1.0	1.0	1.0	0.0	1.0	1.0	SRR1721308	1	0							6.938596749295177e-08	0.0
homo_sapiens									36548076.0	36548147.0	1.0	3.0	15.0	0.0	1.6666666666666667	9.0	ERR030880,ERR030888,SRR1272188,SRR1721286,SRR1721288,SRR1721296,SRR1721309,SRR1721311,SRR1721312	6,2,1,1,1,1,1,1,1	0,0,0,0,0,0,0,0,0							5.163443377994331e-07	0.0
homo_sapiens									36548158.0	36549184.0	1.0	3.0	1.0	0.0	1.0	1.0	SRR1272188	1	0							5.3352716731006483e-08	0.0
homo_sapiens									36549393.0	36549522.0	1.0	3.0	5.0	0.0	2.5	2.0	ERR030877,ERR030898	3,2	0,0							6.668962258478898e-08	0.0
homo_sapiens									36549420.0	36549513.0	1.0	3.0	4.0	0.0	2.0	2.0	ERR030869,ERR030877	1,3	0,0							6.43605936716982e-08	0.0
homo_sapiens									36549459.0	36549522.0	1.0	1.0	1.0	0.0	1.0	1.0	ERR030891	1	0							1.4707061296928376e-08	0.0
homo_sapiens									36549523.0	36549602.0	1.0	3.0	3.0	0.0	1.5	2.0	ERR030858,ERR030884	1,2	0,0							4.2669276597673494e-08	0.0
homo_sapiens									36549536.0	36549573.0	1.0	3.0	9.0	0.0	1.5	6.0	ERR030878,ERR030880,ERR030884,ERR030892,ERR030897,SRR1424753	1,2,3,1,1,1	0,0,0,0,0,0							1.5248188808056498e-07	0.0
homo_sapiens									36549610.0	36549666.0	1.0	1.0	1.0	0.0	1.0	1.0	ERR030860	1	0							1.5595821679745477e-08	0.0
homo_sapiens									36550280.0	36550306.0	1.0	3.0	3.0	0.0	1.0	3.0	ERR030865,ERR030866,ERR030867	1,1,1	0,0,0							4.818599017637678e-08	0.0
macaca_mulatta	ENSMMUG00000041652	ENSMMUT00000023094	ENSMMUE00000364181	ENSMMUE00000329082_SE_0/ENSMMUE00000364181_SE_0	1_5	27539150.0	27539047.0	10																		0.0	0.0
macaca_mulatta	ENSMMUG00000041652							10												ENSMMUT00000023094	ENSMMUE00000193868	ENSMMUE00000159367_SE_2/ENSMMUE00000193868_SE_2	1_2	27542889.0	27542889.0	0.0	0.0
mus_musculus	ENSMUSG00000067818	ENSMUST00000088552	ENSMUSE00001282340	ENSMUSE00001282340_SE_0	1_1	156778647.0	156778728.0	2	156778729.0	156780481.0	1.0	1.0	16313.0	10.0	110.22297297297294	148.0	ERR032203,ERR032204,ERR032205,ERR032206,ERR032208,ERR032209,ERR032210,ERR032211,ERR032212,ERR032213,ERR032214,ERR032215,ERR032216,ERR032217,ERR032218,ERR032219,ERR032220,ERR032221,ERR032222,ERR032223,ERR032224,ERR032225,ERR032226,ERR032227,ERR032229,ERR032230,ERR032231,ERR032232,ERR032233,ERR032234,ERR032235,ERR032236,ERR032237,ERR032238,SRR306757,SRR306758,SRR306759,SRR306760,SRR306761,SRR306762,SRR306763,SRR306764,SRR306765,SRR306766,SRR306767,SRR306768,SRR306769,SRR306770,SRR306771,SRR306772,SRR306773,SRR306775,SRR306776,SRR496219,SRR496220,SRR496224,SRR496225,SRR496226,SRR496227,SRR496228,SRR496229,SRR496231,SRR496232,SRR496233,SRR496234,SRR496247,SRR496248,SRR496249,SRR496250,SRR496251,SRR496252,SRR496253,SRR496254,SRR579545,SRR579546,SRR579547,SRR579548,SRR579549,SRR579550,SRR594393,SRR594394,SRR594395,SRR594396,SRR594397,SRR594398,SRR594399,SRR594400,SRR594401,SRR594402,SRR594403,SRR594404,SRR594405,SRR594406,SRR594407,SRR594408,SRR594409,SRR594410,SRR594411,SRR594412,SRR594413,SRR594414,SRR594415,SRR594416,SRR594417,SRR594418,SRR636868,SRR636869,SRR636870,SRR636916,SRR636917,SRR636918,SRR636961,SRR636962,SRR636963,SRR649371,SRR649372,SRR649373,SRR649374,SRR649375,SRR652245,SRR652246,SRR652247,SRR652248,SRR652249,SRR652250,SRR652251,SRR652252,SRR652253,SRR652254,SRR850574,SRR850575,SRR850576,SRR850577,SRR850578,SRR850579,SRR850580,SRR850581,SRR850582,SRR850583,SRR850584,SRR850585,SRR850586,SRR850587,SRR850588,SRR943342,SRR943343,SRR943344,SRR943345	2,1,4,5,7,34,127,157,45,84,29,36,62,34,28,21,52,14,131,117,34,69,55,140,145,135,128,29,31,53,36,13,17,71,12,8,4,11,9,17,12,10,7,59,16,80,63,42,47,4,2,31,29,1,4,1,8,11,7,3,1,2,3,8,3,1,3,5,1,301,132,2,6,39,38,6,102,84,55,56,873,53,204,14,143,149,522,320,85,1170,759,34,557,189,905,424,5,321,87,47,1,1206,39,430,88,2,2,1,26,41,24,11,16,23,45,930,85,41,58,17,39,27,8,10,17,18,67,107,116,77,78,52,82,87,111,44,72,45,49,141,120,203,81,95,657,505,52,114	0,0,0,0,0,0,0,0,0,2,0,0,0,0,0,0,0,0,0,1,0,0,0,1,0,0,0,0,0,0,0,0,0,0,0,0,0,0,0,0,0,0,0,0,0,0,0,0,0,0,0,0,0,0,0,1,0,0,0,0,1,0,0,0,0,0,0,0,0,0,0,0,0,0,0,0,0,0,0,0,0,0,0,0,0,0,0,0,0,1,0,0,1,0,0,0,0,0,0,0,0,1,0,0,0,0,0,0,0,0,0,0,0,0,0,0,0,0,0,0,0,0,0,0,0,0,0,0,0,0,0,0,0,0,1,0,0,0,0,0,0,0,0,0,0,0,0,0	ENSMUST00000088552	ENSMUSE00001245995	ENSMUSE00001245995_SE_1	1_2	156780482.0	156780483.0	0.00040848846740485433	3.2636730610422825e-07
mus_musculus	ENSMUSG00000067818	ENSMUST00000088552	ENSMUSE00001282340	ENSMUSE00001282340_SE_0	1_1	156778647.0	156778728.0	2	156778729.0	156780989.0	1.0	1.0	2.0	0.0	1.0	2.0	ERR032224,SRR649372	1,1	0,0	ENSMUST00000088552	ENSMUSE00000553111	ENSMUSE00000553111_SE_2	1_4	156780990.0	156780991.0	1.2376982623947422e-07	0.0
mus_musculus	ENSMUSG00000067818	ENSMUST00000088552	ENSMUSE00001245995	ENSMUSE00001245995_SE_1	1_3	156780484.0	156780643.0	2	156780644.0	156780989.0	1.0	1.0	13245.0	200.0	93.27464788732391	142.0	ERR032203,ERR032204,ERR032205,ERR032206,ERR032207,ERR032208,ERR032209,ERR032210,ERR032211,ERR032212,ERR032213,ERR032214,ERR032215,ERR032216,ERR032217,ERR032218,ERR032219,ERR032220,ERR032221,ERR032222,ERR032223,ERR032224,ERR032225,ERR032226,ERR032227,ERR032229,ERR032230,ERR032231,ERR032232,ERR032233,ERR032234,ERR032235,ERR032236,ERR032237,ERR032238,SRR306757,SRR306758,SRR306759,SRR306760,SRR306761,SRR306762,SRR306763,SRR306764,SRR306765,SRR306766,SRR306767,SRR306768,SRR306769,SRR306770,SRR306771,SRR306773,SRR306774,SRR306775,SRR306776,SRR496219,SRR496220,SRR496225,SRR496226,SRR496227,SRR496228,SRR496229,SRR496231,SRR496232,SRR496233,SRR496250,SRR496251,SRR496252,SRR496253,SRR579545,SRR579546,SRR579547,SRR579548,SRR579549,SRR579550,SRR594393,SRR594394,SRR594395,SRR594396,SRR594397,SRR594398,SRR594399,SRR594400,SRR594401,SRR594402,SRR594403,SRR594404,SRR594405,SRR594406,SRR594407,SRR594408,SRR594409,SRR594410,SRR594411,SRR594412,SRR594413,SRR594414,SRR594415,SRR594416,SRR594417,SRR594418,SRR636868,SRR636869,SRR636916,SRR636917,SRR636918,SRR636961,SRR636962,SRR636963,SRR649371,SRR649372,SRR649373,SRR649374,SRR649375,SRR652245,SRR652246,SRR652247,SRR652248,SRR652249,SRR652250,SRR652251,SRR652252,SRR652253,SRR652254,SRR850574,SRR850575,SRR850576,SRR850577,SRR850578,SRR850579,SRR850580,SRR850581,SRR850582,SRR850583,SRR850584,SRR850585,SRR850586,SRR850587,SRR850588,SRR943342,SRR943343,SRR943344,SRR943345	6,2,16,7,2,4,68,91,143,68,120,55,36,39,38,38,17,37,19,126,51,24,113,54,134,170,118,122,20,28,21,14,13,5,81,15,11,9,11,6,12,22,18,17,75,19,106,47,54,39,5,2,55,30,1,3,2,1,1,4,1,1,1,2,1,64,37,1,71,48,20,100,105,69,29,615,36,138,4,104,115,477,213,110,1244,577,45,598,181,1066,563,19,383,183,92,7,790,36,525,66,4,2,23,36,22,7,16,11,7,100,19,3,5,3,5,12,3,2,3,5,22,30,34,56,62,40,70,73,91,41,62,49,26,84,73,109,66,61,230,339,39,98	0,0,0,0,0,0,0,0,0,0,0,0,0,0,0,0,0,0,0,0,0,0,0,0,0,0,0,0,0,0,0,0,0,0,0,0,0,0,0,0,0,0,0,0,1,0,0,0,0,0,0,0,0,0,2,1,1,0,0,0,0,0,0,0,0,11,8,0,0,0,0,0,0,0,0,0,0,0,0,0,0,0,0,0,1,0,0,0,0,0,0,0,0,0,0,0,0,0,0,0,0,0,0,0,0,0,0,0,0,0,0,0,0,0,0,0,0,0,0,0,0,0,0,12,11,6,11,4,15,5,15,11,3,14,16,30,12,9,1,0,0,0	ENSMUST00000088552	ENSMUSE00000553111	ENSMUSE00000553111_SE_2	1_4	156780990.0	156780991.0	0.0003458396589183839	5.833754003405956e-06
mus_musculus	ENSMUSG00000067818							2	156775507.0	156780481.0	1.0	1.0	12.0	0.0	1.2	10.0	ERR032210,SRR306762,SRR306775,SRR594400,SRR594407,SRR594412,SRR594415,SRR649373,SRR850582,SRR850588	3,1,1,1,1,1,1,1,1,1	0,0,0,0,0,0,0,0,0,0	ENSMUST00000088552	ENSMUSE00001245995	ENSMUSE00001245995_SE_1	1_2	156780482.0	156780483.0	5.481815912648698e-07	0.0
mus_musculus	ENSMUSG00000067818							2	156775539.0	156780481.0	1.0	1.0	0.0	4.0	0.0	4.0	SRR850583,SRR850585,SRR850587,SRR850588	0,0,0,0	1,1,1,1	ENSMUST00000088552	ENSMUSE00001245995	ENSMUSE00001245995_SE_1	1_2	156780482.0	156780483.0	0.0	1.1868338299847668e-07
mus_musculus									156780637.0	156781057.0	1.0	3.0	2.0	0.0	2.0	1.0	ERR032210	2	0							1.0067204631236281e-07	0.0
ornithorhynchus_anatinus	ENSOANG00000004944	ENSOANT00000007840	ENSOANE00000092611	ENSOANE00000092611_SE_1	1_1	3793156.0	3793237.0	Ultra337	3793238.0	3795876.0	1.0	1.0	3372.0	6.0	146.60869565217388	23.0	SRR306724,SRR306725,SRR306726,SRR306727,SRR306728,SRR306729,SRR306730,SRR306731,SRR306732,SRR306733,SRR306734,SRR306735,SRR306736,SRR306737,SRR306738,SRR306739,SRR306740,SRR306741,SRR649382,SRR649383,SRR649384,SRR943349,SRR943350	11,33,7,6,41,35,650,1378,39,13,23,5,6,4,6,5,27,22,359,56,34,358,254	0,0,0,0,0,0,1,2,0,0,1,0,0,0,0,0,0,0,2,0,0,0,0	ENSOANT00000007840	ENSOANE00000053472	ENSOANE00000053472_SE_2	1_2	3795877.0	3795878.0	0.0002819344849796505	4.5281309570134137e-07
ornithorhynchus_anatinus	ENSOANG00000004944	ENSOANT00000007840	ENSOANE00000053472	ENSOANE00000053472_SE_2	1_3	3795879.0	3796038.0	Ultra337	3796039.0	3796565.0	1.0	1.0	3903.0	5.0	169.69565217391306	23.0	SRR306724,SRR306725,SRR306726,SRR306727,SRR306728,SRR306729,SRR306730,SRR306731,SRR306732,SRR306733,SRR306734,SRR306735,SRR306736,SRR306737,SRR306738,SRR306739,SRR306740,SRR306741,SRR649382,SRR649383,SRR649384,SRR943349,SRR943350	12,33,4,4,37,62,1248,1219,81,21,37,2,9,5,8,16,35,29,245,15,23,436,322	0,0,0,0,0,0,0,2,0,1,0,0,0,0,0,1,0,0,1,0,0,0,0	ENSOANT00000007840	ENSOANE00000053473	ENSOANE00000053473_SE_3	1_4	3796566.0	3796567.0	0.0003372509571474173	4.5444556188290346e-07
ornithorhynchus_anatinus	ENSOANG00000004944							Ultra337	3795979.0	3796565.0	1.0	1.0	1.0	0.0	1.0	1.0	SRR306731	1	0	ENSOANT00000007840	ENSOANE00000053473	ENSOANE00000053473_SE_3	1_4	3796566.0	3796567.0	1.0608477892409454e-07	0.0
ornithorhynchus_anatinus	ENSOANG00000004944	ENSOANT00000007840	ENSOANE00000177108	ENSOANE00000177108_SE_0	2_0	3792439.0	3792480.0	Ultra337																		0.0	0.0
ornithorhynchus_anatinus	ENSOANG00000004944							Ultra337												ENSOANT00000007840	ENSOANE00000177108	ENSOANE00000177108_SE_0	2_0	3792439.0	3792480.0	0.0	0.0
ornithorhynchus_anatinus	ENSOANG00000004944							Ultra337												ENSOANT00000007840	ENSOANE00000092611	ENSOANE00000092611_SE_1	1_0	3793033.0	3793155.0	0.0	0.0
ornithorhynchus_anatinus									3796634.0	3796994.0	1.0	1.0	4.0	0.0	2.0	2.0	SRR649383,SRR943350	3,1	0,0							1.2210357346050408e-07	0.0
rattus_norvegicus	ENSRNOG00000020246	ENSRNOT00000027445	ENSRNOE00000303832	ENSRNOE00000303832_SE_0	1_1	152860463.0	152860544.0	3	152860545.0	152862320.0	1.0	1.0	3.0	0.0	3.0	1.0	SRR594433	3	0							4.71105934529309e-08	0.0
rattus_norvegicus	ENSRNOG00000020246	ENSRNOT00000027445	ENSRNOE00000303832	ENSRNOE00000303832_SE_0	1_1	152860463.0	152860544.0	3	152860545.0	152862730.0	1.0	1.0	17886.0	3.0	496.8333333333332	36.0	SRR594419,SRR594420,SRR594421,SRR594422,SRR594423,SRR594424,SRR594425,SRR594426,SRR594427,SRR594428,SRR594429,SRR594430,SRR594431,SRR594432,SRR594433,SRR594434,SRR594435,SRR594436,SRR594437,SRR594438,SRR594439,SRR594440,SRR594441,SRR594442,SRR594443,SRR594444,SRR594445,SRR636875,SRR636876,SRR636877,SRR636925,SRR636926,SRR636927,SRR636970,SRR636971,SRR636972	180,4391,101,162,7,549,29,1379,969,194,3167,372,362,250,1068,133,2781,748,12,381,20,54,14,35,47,147,173,18,18,9,28,33,20,17,9,9	0,2,0,0,0,0,0,0,0,0,0,0,1,0,0,0,0,0,0,0,0,0,0,0,0,0,0,0,0,0,0,0,0,0,0,0	ENSRNOT00000027445	ENSRNOE00000013458	ENSRNOE00000013458_SE_1	1_2	152862731.0	152862732.0	0.00028822951578050536	3.4925098484212983e-08
rattus_norvegicus	ENSRNOG00000020246	ENSRNOT00000027445	ENSRNOE00000013458	ENSRNOE00000013458_SE_1	1_3	152862733.0	152862892.0	3	152862893.0	152863316.0	1.0	1.0	22130.0	3.0	614.7222222222222	36.0	SRR594419,SRR594420,SRR594421,SRR594422,SRR594423,SRR594424,SRR594425,SRR594426,SRR594427,SRR594428,SRR594429,SRR594430,SRR594431,SRR594432,SRR594433,SRR594434,SRR594435,SRR594436,SRR594437,SRR594438,SRR594439,SRR594440,SRR594441,SRR594442,SRR594443,SRR594444,SRR594445,SRR636875,SRR636876,SRR636877,SRR636925,SRR636926,SRR636927,SRR636970,SRR636971,SRR636972	207,6445,225,295,24,581,70,1174,1263,229,4544,424,295,236,1195,150,2217,560,19,745,67,83,22,82,96,200,477,16,22,15,30,42,19,25,16,20	0,0,0,0,0,0,0,1,0,0,0,0,2,0,0,0,0,0,0,0,0,0,0,0,0,0,0,0,0,0,0,0,0,0,0,0	ENSRNOT00000027445	ENSRNOE00000196641	ENSRNOE00000196641_SE_2	1_4	152863317.0	152863318.0	0.0003962967099121429	3.3365307668399333e-08
rattus_norvegicus	ENSRNOG00000020246							3	152857681.0	152862730.0	1.0	1.0	4.0	0.0	1.333333333333333	3.0	SRR594420,SRR594427,SRR594442	1,2,1	0,0,0	ENSRNOT00000027445	ENSRNOE00000013458	ENSRNOE00000013458_SE_1	1_2	152862731.0	152862732.0	1.260726164269397e-07	0.0
rattus_norvegicus									152860444.0	152863813.0	1.0	1.0	1.0	0.0	1.0	1.0	SRR594420	1	0							1.2301853431683207e-08	0.0
rattus_norvegicus									152860469.0	152860516.0	1.0	3.0	1.0	0.0	1.0	1.0	SRR594422	1	0							1.0112802957202022e-08	0.0
rattus_norvegicus									152860549.0	152862735.0	1.0	1.0	2.0	0.0	2.0	1.0	SRR594435	2	0							2.3438613059449078e-08	0.0
rattus_norvegicus									152863401.0	152863609.0	1.0	1.0	1.0	0.0	1.0	1.0	SRR594420	1	0							1.2301853431683207e-08	0.0
rattus_norvegicus									152863676.0	152863775.0	1.0	1.0	1.0	0.0	1.0	1.0	SRR594429	1	0							1.6921158063752494e-08	0.0
sus_scrofa	ENSSSCG00000036402	ENSSSCT00000038183	ENSSSCE00000172807	ENSSSCE00000172807_SE_0	1_1	39791471.0	39791552.0	17	39791553.0	39793474.0	1.0	1.0	3525.0	1.0	352.5	10.0	SRR636881,SRR636882,SRR636928,SRR636929,SRR636973,SRR636974,SRR653843,SRR653844,SRR653845,SRR653846	31,29,171,185,29,22,2245,25,400,388	0,0,0,0,0,0,0,0,0,1	ENSSSCT00000038183	ENSSSCE00000228871	ENSSSCE00000228871_SE_1	1_2	39793475.0	39793476.0	0.00016917032221126075	8.794756073922387e-08
sus_scrofa	ENSSSCG00000036402	ENSSSCT00000038183	ENSSSCE00000172807	ENSSSCE00000172807_SE_0	1_1	39791471.0	39791552.0	17	39791553.0	39794467.0	1.0	1.0	6.0	0.0	3.0	2.0	SRR653843,SRR653845	4,2	0,0	ENSSSCT00000038183	ENSSSCE00000311497	ENSSSCE00000311497_SE_2	1_4	39794468.0	39794469.0	2.9107296689317876e-07	0.0
sus_scrofa	ENSSSCG00000036402	ENSSSCT00000038183	ENSSSCE00000228871	ENSSSCE00000228871_SE_1	1_3	39793477.0	39793636.0	17	39793637.0	39794407.0	1.0	1.0	1.0	0.0	1.0	1.0	SRR653845	1	0							9.556064426604121e-08	0.0
sus_scrofa	ENSSSCG00000036402	ENSSSCT00000038183	ENSSSCE00000228871	ENSSSCE00000228871_SE_1	1_3	39793477.0	39793636.0	17	39793637.0	39794467.0	1.0	1.0	2528.0	11.0	252.8	10.0	SRR636881,SRR636882,SRR636928,SRR636929,SRR636973,SRR636974,SRR653843,SRR653844,SRR653845,SRR653846	27,25,136,121,22,30,1426,9,453,279	0,1,1,1,0,0,5,0,3,0	ENSSSCT00000038183	ENSSSCE00000311497	ENSSSCE00000311497_SE_2	1_4	39794468.0	39794469.0	0.00013320743630604147	6.598706754879829e-07
sus_scrofa	ENSSSCG00000036402							17	39788291.0	39793474.0	1.0	1.0	3.0	0.0	1.0	3.0	SRR636973,SRR653843,SRR653846	1,1,1	0,0,0	ENSSSCT00000038183	ENSSSCE00000228871	ENSSSCE00000228871_SE_1	1_2	39793475.0	39793476.0	2.0301799861872643e-07	0.0
xenopus_tropicalis	ENSXETG00000025505	ENSXETT00000041006	ENSXETE00000311204	ENSXETE00000311204_SE_0	1_3	587668.0	587830.0	GL172674.1	587831.0	589067.0	1.0	1.0	16973.0	8.0	297.77192982456137	57.0	SRR489439,SRR489440,SRR489441,SRR489442,SRR489443,SRR489444,SRR489445,SRR489446,SRR489447,SRR489448,SRR489449,SRR489450,SRR489451,SRR489452,SRR489453,SRR489454,SRR489455,SRR489456,SRR489457,SRR489459,SRR489461,SRR489463,SRR489464,SRR489465,SRR489466,SRR489467,SRR489468,SRR489469,SRR489470,SRR489471,SRR489472,SRR489473,SRR489474,SRR489475,SRR489476,SRR489477,SRR489478,SRR579560,SRR579561,SRR579562,SRR579563,SRR579564,SRR649391,SRR649392,SRR649393,SRR649394,SRR649395,SRR649396,SRR649397,SRR649398,SRR649399,SRR649400,SRR651118,SRR651124,SRR651125,SRR943352,SRR943353	1,2,6,5,110,129,195,191,257,307,389,297,329,304,244,676,2,1,1,1,2,1,2,10,125,100,313,318,330,391,349,270,246,273,285,300,509,25,922,788,1771,48,14,69,1457,2118,435,472,200,188,382,19,1,26,39,37,691	0,0,0,0,0,0,0,0,0,0,0,0,0,0,0,0,0,0,0,0,0,0,0,0,0,0,0,0,0,0,0,0,0,0,0,0,0,0,0,0,0,0,0,0,2,0,0,0,0,1,3,0,0,0,2,0,0	ENSXETT00000041006	ENSXETE00000311203	ENSXETE00000311203_SE_1	1_4	589068.0	589069.0	0.001089925049073033	3.498785108108733e-07
xenopus_tropicalis	ENSXETG00000025505	ENSXETT00000041006	ENSXETE00000311204	ENSXETE00000311204_SE_0	1_3	587668.0	587830.0	GL172674.1	587831.0	589082.0	1.0	1.0	1.0	0.0	1.0	1.0	SRR489447	1	0							1.1286446050505717e-07	0.0
xenopus_tropicalis	ENSXETG00000025505	ENSXETT00000041006	ENSXETE00000311203	ENSXETE00000311203_SE_1	1_6	589172.0	589240.0	GL172674.1																		0.0	0.0
xenopus_tropicalis	ENSXETG00000025505							GL172674.1												ENSXETT00000041006	ENSXETE00000311204	ENSXETE00000311204_SE_0	1_1	587653.0	587664.0	0.0	0.0
xenopus_tropicalis									587824.0	589135.0	1.0	3.0	1.0	0.0	1.0	1.0	SRR579563	1	0							4.927350163716137e-08	0.0
