GeneID	TranscriptID	ProteinID	Strand	ExonID	ExonRegionStart	ExonRegionEnd	ExonRank	cDNA_CodingStart	cDNA_CodingEnd	GenomicCodingStart	GenomicCodingEnd	StartPhase	EndPhase
ENSG00000142347	ENST00000338257	ENSP00000344871	-1	ENSE00003658256	8548036	8548122	12	1451	1537	8548036	8548122	0	0
ENSG00000142347	ENST00000338257	ENSP00000344871	-1	ENSE00003672169	8548237	8548317	11	1370	1450	8548237	8548317	0	0
ENSG00000142347	ENST00000338257	ENSP00000344871	-1	ENSE00001237513	8539947	8540028	16	1879	1960	8539947	8540028	2	0
ENSG00000142347	ENST00000338257	ENSP00000344871	-1	ENSE00003639601	8552033	8552164	7	773	904	8552033	8552164	0	0
ENSG00000142347	ENST00000338257	ENSP00000344871	-1	ENSE00003487888	8553139	8553228	6	683	772	8553139	8553228	0	0
ENSG00000142347	ENST00000338257	ENSP00000344871	-1	ENSE00003785818	8553350	8553437	5	595	682	8553350	8553437	2	0
ENSG00000142347	ENST00000338257	ENSP00000344871	-1	ENSE00003537572	8554477	8554571	4	500	594	8554477	8554571	0	2
ENSG00000142347	ENST00000338257	ENSP00000344871	-1	ENSE00001116917	8541906	8541991	15	1793	1878	8541906	8541991	0	2
ENSG00000142347	ENST00000338257	ENSP00000344871	-1	ENSE00001907369	8520790	8521604	28	3489	3565	8521528	8521604	1	-1
ENSG00000142347	ENST00000338257	ENSP00000344871	-1	ENSE00001116904	8544297	8544464	14	1625	1792	8544297	8544464	0	0
ENSG00000142347	ENST00000338257	ENSP00000344871	-1	ENSE00001116926	8545650	8545736	13	1538	1624	8545650	8545736	0	0
ENSG00000142347	ENST00000338257	ENSP00000344871	-1	ENSE00003472634	8554654	8554743	3	410	499	8554654	8554743	0	0
ENSG00000142347	ENST00000338257	ENSP00000344871	-1	ENSE00003463683	8555659	8555796	2	272	409	8555659	8555796	0	0
ENSG00000142347	ENST00000338257	ENSP00000344871	-1	ENSE00003113190	8577307	8577577	1	269	271	8577307	8577309	-1	0
ENSG00000142347	ENST00000338257	ENSP00000344871	-1	ENSE00003669293	8530459	8530573	20	2312	2426	8530459	8530573	0	1
ENSG00000142347	ENST00000338257	ENSP00000344871	-1	ENSE00003478593	8536252	8536396	19	2167	2311	8536252	8536396	2	0
ENSG00000142347	ENST00000338257	ENSP00000344871	-1	ENSE00003563632	8536499	8536597	18	2068	2166	8536499	8536597	2	2
ENSG00000142347	ENST00000338257	ENSP00000344871	-1	ENSE00003563794	8536949	8537055	17	1961	2067	8536949	8537055	0	2
ENSG00000142347	ENST00000338257	ENSP00000344871	-1	ENSE00001628753	8522377	8522546	27	3319	3488	8522377	8522546	2	1
ENSG00000142347	ENST00000338257	ENSP00000344871	-1	ENSE00001154325	8522634	8522829	26	3123	3318	8522634	8522829	1	2
ENSG00000142347	ENST00000338257	ENSP00000344871	-1	ENSE00003522138	8525479	8525562	25	3039	3122	8525479	8525562	1	1
ENSG00000142347	ENST00000338257	ENSP00000344871	-1	ENSE00001116933	8526453	8526601	24	2890	3038	8526453	8526601	2	1
ENSG00000142347	ENST00000338257	ENSP00000344871	-1	ENSE00003677643	8526789	8526935	23	2743	2889	8526789	8526935	2	2
ENSG00000142347	ENST00000338257	ENSP00000344871	-1	ENSE00003632575	8527338	8527483	22	2597	2742	8527338	8527483	0	2
ENSG00000142347	ENST00000338257	ENSP00000344871	-1	ENSE00003661300	8530196	8530365	21	2427	2596	8530196	8530365	1	0
ENSG00000142347	ENST00000338257	ENSP00000344871	-1	ENSE00001237554	8550160	8550356	10	1173	1369	8550160	8550356	1	0
ENSG00000142347	ENST00000338257	ENSP00000344871	-1	ENSE00003594036	8550562	8550694	9	1040	1172	8550562	8550694	0	1
ENSG00000142347	ENST00000338257	ENSP00000344871	-1	ENSE00003470584	8551740	8551874	8	905	1039	8551740	8551874	0	0
ENSG00000142347	ENST00000644032	ENSP00000494550	-1	ENSE00001116917	8541906	8541991	15	1658	1743	8541906	8541991	0	2
ENSG00000142347	ENST00000644032	ENSP00000494550	-1	ENSE00003076059	8577307	8577442	1	134	136	8577307	8577309	-1	0
ENSG00000142347	ENST00000644032	ENSP00000494550	-1	ENSE00001116904	8544297	8544464	14	1490	1657	8544297	8544464	0	0
ENSG00000142347	ENST00000644032	ENSP00000494550	-1	ENSE00001116926	8545650	8545736	13	1403	1489	8545650	8545736	0	0
ENSG00000142347	ENST00000644032	ENSP00000494550	-1	ENSE00003658256	8548036	8548122	12	1316	1402	8548036	8548122	0	0
ENSG00000142347	ENST00000644032	ENSP00000494550	-1	ENSE00003672169	8548237	8548317	11	1235	1315	8548237	8548317	0	0
ENSG00000142347	ENST00000644032	ENSP00000494550	-1	ENSE00001237554	8550160	8550356	10	1038	1234	8550160	8550356	1	0
ENSG00000142347	ENST00000644032	ENSP00000494550	-1	ENSE00003594036	8550562	8550694	9	905	1037	8550562	8550694	0	1
ENSG00000142347	ENST00000644032	ENSP00000494550	-1	ENSE00003470584	8551740	8551874	8	770	904	8551740	8551874	0	0
ENSG00000142347	ENST00000644032	ENSP00000494550	-1	ENSE00003639601	8552033	8552164	7	638	769	8552033	8552164	0	0
ENSG00000142347	ENST00000644032	ENSP00000494550	-1	ENSE00003487888	8553139	8553228	6	548	637	8553139	8553228	0	0
ENSG00000142347	ENST00000644032	ENSP00000494550	-1	ENSE00003785818	8553350	8553437	5	460	547	8553350	8553437	2	0
ENSG00000142347	ENST00000644032	ENSP00000494550	-1	ENSE00003537572	8554477	8554571	4	365	459	8554477	8554571	0	2
ENSG00000142347	ENST00000644032	ENSP00000494550	-1	ENSE00003472634	8554654	8554743	3	275	364	8554654	8554743	0	0
ENSG00000142347	ENST00000644032	ENSP00000494550	-1	ENSE00003463683	8555659	8555796	2	137	274	8555659	8555796	0	0
ENSG00000142347	ENST00000644032	ENSP00000494550	-1	ENSE00003829656	8521112	8521604	28	3354	3430	8521528	8521604	1	-1
ENSG00000142347	ENST00000644032	ENSP00000494550	-1	ENSE00001628753	8522377	8522546	27	3184	3353	8522377	8522546	2	1
ENSG00000142347	ENST00000644032	ENSP00000494550	-1	ENSE00001154325	8522634	8522829	26	2988	3183	8522634	8522829	1	2
ENSG00000142347	ENST00000644032	ENSP00000494550	-1	ENSE00003522138	8525479	8525562	25	2904	2987	8525479	8525562	1	1
ENSG00000142347	ENST00000644032	ENSP00000494550	-1	ENSE00001116933	8526453	8526601	24	2755	2903	8526453	8526601	2	1
ENSG00000142347	ENST00000644032	ENSP00000494550	-1	ENSE00003677643	8526789	8526935	23	2608	2754	8526789	8526935	2	2
ENSG00000142347	ENST00000644032	ENSP00000494550	-1	ENSE00003632575	8527338	8527483	22	2462	2607	8527338	8527483	0	2
ENSG00000142347	ENST00000644032	ENSP00000494550	-1	ENSE00003661300	8530196	8530365	21	2292	2461	8530196	8530365	1	0
ENSG00000142347	ENST00000644032	ENSP00000494550	-1	ENSE00003669293	8530459	8530573	20	2177	2291	8530459	8530573	0	1
ENSG00000142347	ENST00000644032	ENSP00000494550	-1	ENSE00003478593	8536252	8536396	19	2032	2176	8536252	8536396	2	0
ENSG00000142347	ENST00000644032	ENSP00000494550	-1	ENSE00003563632	8536499	8536597	18	1933	2031	8536499	8536597	2	2
ENSG00000142347	ENST00000644032	ENSP00000494550	-1	ENSE00003563794	8536949	8537055	17	1826	1932	8536949	8537055	0	2
ENSG00000142347	ENST00000644032	ENSP00000494550	-1	ENSE00001237513	8539947	8540028	16	1744	1825	8539947	8540028	2	0
ENSG00000142347	ENST00000600885		-1	ENSE00003139542	8522810	8522829	4					-1	-1
ENSG00000142347	ENST00000600885		-1	ENSE00003467106	8525479	8525562	3					-1	-1
ENSG00000142347	ENST00000600885		-1	ENSE00003001750	8526453	8526935	2					-1	-1
ENSG00000142347	ENST00000600885		-1	ENSE00003137123	8527338	8527387	1					-1	-1
ENSG00000142347	ENST00000596245		-1	ENSE00003182580	8525226	8525562	2					-1	-1
ENSG00000142347	ENST00000596245		-1	ENSE00003127733	8526453	8526622	1					-1	-1
ENSG00000142347	ENST00000597459		-1	ENSE00003058410	8529809	8529997	3					-1	-1
ENSG00000142347	ENST00000597459		-1	ENSE00003057779	8530075	8530365	2					-1	-1
ENSG00000142347	ENST00000597459		-1	ENSE00003012163	8530459	8530462	1					-1	-1
ENSG00000142347	ENST00000598797		-1	ENSE00003210725	8530040	8530365	2					-1	-1
ENSG00000142347	ENST00000598797		-1	ENSE00003120886	8530459	8530484	1					-1	-1
ENSG00000142347	ENST00000597222		-1	ENSE00003596841	8536949	8537055	2					-1	-1
ENSG00000142347	ENST00000597222		-1	ENSE00003008938	8539947	8540052	1					-1	-1
ENSG00000142347	ENST00000597222		-1	ENSE00003653208	8530196	8530365	6					-1	-1
ENSG00000142347	ENST00000597222		-1	ENSE00003694263	8530459	8530573	5					-1	-1
ENSG00000142347	ENST00000597222		-1	ENSE00003588785	8536252	8536396	4					-1	-1
ENSG00000142347	ENST00000597222		-1	ENSE00003570413	8536499	8536597	3					-1	-1
ENSG00000142347	ENST00000598005		-1	ENSE00003168397	8541913	8541956	1					-1	-1
ENSG00000142347	ENST00000598005		-1	ENSE00003629101	8530482	8530573	6					-1	-1
ENSG00000142347	ENST00000598005		-1	ENSE00003588785	8536252	8536396	5					-1	-1
ENSG00000142347	ENST00000598005		-1	ENSE00003073457	8536499	8536646	4					-1	-1
ENSG00000142347	ENST00000598005		-1	ENSE00003596841	8536949	8537055	3					-1	-1
ENSG00000142347	ENST00000598005		-1	ENSE00003829353	8539947	8540028	2					-1	-1
ENSG00000142347	ENST00000602136	ENSP00000469380	-1	ENSE00003181377	8541728	8541991	4	264	353	8541902	8541991	0	-1
ENSG00000142347	ENST00000602136	ENSP00000469380	-1	ENSE00001116904	8544297	8544464	3	96	263	8544297	8544464	0	0
ENSG00000142347	ENST00000602136	ENSP00000469380	-1	ENSE00001116926	8545650	8545736	2	9	95	8545650	8545736	0	0
ENSG00000142347	ENST00000602136	ENSP00000469380	-1	ENSE00003134269	8548036	8548043	1	1	8	8548036	8548043	1	0
ENSG00000142347	ENST00000602136	ENSP00000469380	-1	ENSE00003082539	8540319	8540463	5					-1	-1
ENSG00000142347	ENST00000601502		-1	ENSE00003139244	8544068	8544464	2					-1	-1
ENSG00000142347	ENST00000601502		-1	ENSE00003190791	8545650	8545718	1					-1	-1
ENSG00000142347	ENST00000594977		-1	ENSE00003175379	8545443	8545736	7					-1	-1
ENSG00000142347	ENST00000594977		-1	ENSE00003554828	8550562	8550694	3					-1	-1
ENSG00000142347	ENST00000594977		-1	ENSE00003523338	8548036	8548122	6					-1	-1
ENSG00000142347	ENST00000594977		-1	ENSE00003572733	8551740	8551874	2					-1	-1
ENSG00000142347	ENST00000594977		-1	ENSE00003816887	8552033	8552036	1					-1	-1
ENSG00000142347	ENST00000594977		-1	ENSE00003474334	8548237	8548317	5					-1	-1
ENSG00000142347	ENST00000594977		-1	ENSE00003183224	8550160	8550356	4					-1	-1
ENSG00000142347	ENST00000600825		-1	ENSE00003214958	8547854	8548122	3					-1	-1
ENSG00000142347	ENST00000600825		-1	ENSE00003474334	8548237	8548317	2					-1	-1
ENSG00000142347	ENST00000600825		-1	ENSE00003073280	8550160	8550332	1					-1	-1
ENSG00000142347	ENST00000596937		-1	ENSE00003059185	8548298	8548317	2					-1	-1
ENSG00000142347	ENST00000596937		-1	ENSE00003212775	8550160	8550413	1					-1	-1
ENSG00000142347	ENST00000595191		-1	ENSE00003224219	8549580	8550356	2					-1	-1
ENSG00000142347	ENST00000595191		-1	ENSE00002996663	8550562	8550656	1					-1	-1
ENSG00000142347	ENST00000598529		-1	ENSE00003526104	8553350	8553437	2					-1	-1
ENSG00000142347	ENST00000598529		-1	ENSE00003180684	8554477	8554564	1					-1	-1
ENSG00000142347	ENST00000598529		-1	ENSE00003564681	8552033	8552164	4					-1	-1
ENSG00000142347	ENST00000598529		-1	ENSE00003498552	8553139	8553228	3					-1	-1
ENSG00000142347	ENST00000598529		-1	ENSE00002986875	8551423	8551874	5					-1	-1
ENSG00000142347	ENST00000595325		-1	ENSE00003036086	8551666	8552164	7					-1	-1
ENSG00000142347	ENST00000595325		-1	ENSE00003672548	8554477	8554571	4					-1	-1
ENSG00000142347	ENST00000595325		-1	ENSE00003624873	8554654	8554743	3					-1	-1
ENSG00000142347	ENST00000595325		-1	ENSE00003686658	8555659	8555796	2					-1	-1
ENSG00000142347	ENST00000595325		-1	ENSE00003459507	8577307	8577438	1					-1	-1
ENSG00000142347	ENST00000595325		-1	ENSE00003498552	8553139	8553228	6					-1	-1
ENSG00000142347	ENST00000595325		-1	ENSE00003526104	8553350	8553437	5					-1	-1
ENSG00000142347	ENST00000594774		-1	ENSE00003213950	8553139	8553437	5					-1	-1
ENSG00000142347	ENST00000594774		-1	ENSE00003019258	8551830	8551874	7					-1	-1
ENSG00000142347	ENST00000594774		-1	ENSE00003564681	8552033	8552164	6					-1	-1
ENSG00000142347	ENST00000594774		-1	ENSE00003672548	8554477	8554571	4					-1	-1
ENSG00000142347	ENST00000594774		-1	ENSE00003624873	8554654	8554743	3					-1	-1
ENSG00000142347	ENST00000594774		-1	ENSE00003686658	8555659	8555796	2					-1	-1
ENSG00000142347	ENST00000594774		-1	ENSE00003459507	8577307	8577438	1					-1	-1
ENSG00000142347	ENST00000598321	ENSP00000469387	-1	ENSE00003070320	8553212	8553228	6					-1	-1
ENSG00000142347	ENST00000598321	ENSP00000469387	-1	ENSE00003526104	8553350	8553437	5					-1	-1
ENSG00000142347	ENST00000598321	ENSP00000469387	-1	ENSE00003672548	8554477	8554571	4					-1	-1
ENSG00000142347	ENST00000598321	ENSP00000469387	-1	ENSE00003656361	8577307	8577438	1	130	132	8577307	8577309	-1	0
ENSG00000142347	ENST00000598321	ENSP00000469387	-1	ENSE00003514075	8554654	8554743	3	293	360	8554676	8554743	1	-1
ENSG00000142347	ENST00000598321	ENSP00000469387	-1	ENSE00003167798	8555637	8555796	2	133	292	8555637	8555796	0	1
ENSG00000142347	ENST00000599123		-1	ENSE00003001898	8555659	8555777	1					-1	-1
ENSG00000142347	ENST00000599123		-1	ENSE00003035052	8553222	8553228	4					-1	-1
ENSG00000142347	ENST00000599123		-1	ENSE00003526104	8553350	8553437	3					-1	-1
ENSG00000142347	ENST00000599123		-1	ENSE00003215336	8554477	8554743	2					-1	-1
ENSG00000142347	ENST00000596675	ENSP00000469668	-1	ENSE00003656361	8577307	8577438	1	130	132	8577307	8577309	-1	0
ENSG00000142347	ENST00000596675	ENSP00000469668	-1	ENSE00003537572	8554477	8554571	4	349	443	8554477	8554571	0	2
ENSG00000142347	ENST00000596675	ENSP00000469668	-1	ENSE00003001274	8554654	8554701	3	301	348	8554654	8554701	0	0
ENSG00000142347	ENST00000596675	ENSP00000469668	-1	ENSE00003101500	8555629	8555796	2	133	300	8555629	8555796	0	0
ENSG00000142347	ENST00000596675	ENSP00000469668	-1	ENSE00003785818	8553350	8553437	5	444	531	8553350	8553437	2	0
ENSG00000142347	ENST00000596645		-1	ENSE00002995562	8555392	8555796	2					-1	-1
ENSG00000142347	ENST00000596645		-1	ENSE00003156830	8577307	8577433	1					-1	-1
ENSG00000142347	ENST00000595046		-1	ENSE00003222533	8576442	8577442	1					-1	-1
ENSG00000142347	ENST00000613525	ENSP00000481682	-1	ENSE00003537572	8554477	8554571	4	500	594	8554477	8554571	0	2
ENSG00000142347	ENST00000613525	ENSP00000481682	-1	ENSE00003472634	8554654	8554743	3	410	499	8554654	8554743	0	0
ENSG00000142347	ENST00000613525	ENSP00000481682	-1	ENSE00003463683	8555659	8555796	2	272	409	8555659	8555796	0	0
ENSG00000142347	ENST00000613525	ENSP00000481682	-1	ENSE00003113190	8577307	8577577	1	269	271	8577307	8577309	-1	0
ENSG00000142347	ENST00000613525	ENSP00000481682	-1	ENSE00003752759	8520797	8521604	29	3489	3565	8521528	8521604	1	-1
ENSG00000142347	ENST00000613525	ENSP00000481682	-1	ENSE00001628753	8522377	8522546	28	3319	3488	8522377	8522546	2	1
ENSG00000142347	ENST00000613525	ENSP00000481682	-1	ENSE00001154325	8522634	8522829	27	3123	3318	8522634	8522829	1	2
ENSG00000142347	ENST00000613525	ENSP00000481682	-1	ENSE00003522138	8525479	8525562	26	3039	3122	8525479	8525562	1	1
ENSG00000142347	ENST00000613525	ENSP00000481682	-1	ENSE00001116933	8526453	8526601	25	2890	3038	8526453	8526601	2	1
ENSG00000142347	ENST00000613525	ENSP00000481682	-1	ENSE00001116917	8541906	8541991	16	1793	1878	8541906	8541991	0	2
ENSG00000142347	ENST00000613525	ENSP00000481682	-1	ENSE00001116904	8544297	8544464	15	1625	1792	8544297	8544464	0	0
ENSG00000142347	ENST00000613525	ENSP00000481682	-1	ENSE00003785818	8553350	8553437	5	595	682	8553350	8553437	2	0
ENSG00000142347	ENST00000613525	ENSP00000481682	-1	ENSE00001116926	8545650	8545736	14	1538	1624	8545650	8545736	0	0
ENSG00000142347	ENST00000613525	ENSP00000481682	-1	ENSE00003658256	8548036	8548122	13	1451	1537	8548036	8548122	0	0
ENSG00000142347	ENST00000613525	ENSP00000481682	-1	ENSE00003677643	8526789	8526935	24	2743	2889	8526789	8526935	2	2
ENSG00000142347	ENST00000613525	ENSP00000481682	-1	ENSE00003632575	8527338	8527483	23	2597	2742	8527338	8527483	0	2
ENSG00000142347	ENST00000613525	ENSP00000481682	-1	ENSE00003661300	8530196	8530365	22	2427	2596	8530196	8530365	1	0
ENSG00000142347	ENST00000613525	ENSP00000481682	-1	ENSE00003669293	8530459	8530573	21	2312	2426	8530459	8530573	0	1
ENSG00000142347	ENST00000613525	ENSP00000481682	-1	ENSE00003478593	8536252	8536396	20	2167	2311	8536252	8536396	2	0
ENSG00000142347	ENST00000613525	ENSP00000481682	-1	ENSE00003563632	8536499	8536597	19	2068	2166	8536499	8536597	2	2
ENSG00000142347	ENST00000613525	ENSP00000481682	-1	ENSE00003563794	8536949	8537055	18	1961	2067	8536949	8537055	0	2
ENSG00000142347	ENST00000613525	ENSP00000481682	-1	ENSE00001237513	8539947	8540028	17	1879	1960	8539947	8540028	2	0
ENSG00000142347	ENST00000613525	ENSP00000481682	-1	ENSE00003672169	8548237	8548317	12	1370	1450	8548237	8548317	0	0
ENSG00000142347	ENST00000613525	ENSP00000481682	-1	ENSE00003754764	8549595	8549600	11	1364	1369	8549595	8549600	0	0
ENSG00000142347	ENST00000613525	ENSP00000481682	-1	ENSE00003749004	8550166	8550356	10	1173	1363	8550166	8550356	1	0
ENSG00000142347	ENST00000613525	ENSP00000481682	-1	ENSE00003594036	8550562	8550694	9	1040	1172	8550562	8550694	0	1
ENSG00000142347	ENST00000613525	ENSP00000481682	-1	ENSE00003470584	8551740	8551874	8	905	1039	8551740	8551874	0	0
ENSG00000142347	ENST00000613525	ENSP00000481682	-1	ENSE00003639601	8552033	8552164	7	773	904	8552033	8552164	0	0
ENSG00000142347	ENST00000613525	ENSP00000481682	-1	ENSE00003487888	8553139	8553228	6	683	772	8553139	8553228	0	0
ENSGGOG00000027383	ENSGGOT00000026547	ENSGGOP00000022320	-1	ENSGGOE00000239557	8403206	8403340	1	133	135	8403206	8403208	-1	0
ENSGGOG00000027383	ENSGGOT00000026547	ENSGGOP00000022320	-1	ENSGGOE00000223302	8383680	8383817	2	136	273	8383680	8383817	0	0
ENSGGOG00000027383	ENSGGOT00000026547	ENSGGOP00000022320	-1	ENSGGOE00000288790	8382684	8382773	3	274	363	8382684	8382773	0	0
ENSGGOG00000027383	ENSGGOT00000026547	ENSGGOP00000022320	-1	ENSGGOE00000264338	8382507	8382601	4	364	458	8382507	8382601	0	2
ENSGGOG00000027383	ENSGGOT00000026547	ENSGGOP00000022320	-1	ENSGGOE00000239542	8381399	8381486	5	459	546	8381399	8381486	2	0
ENSGGOG00000027383	ENSGGOT00000026547	ENSGGOP00000022320	-1	ENSGGOE00000251474	8381188	8381277	6	547	636	8381188	8381277	0	0
ENSGGOG00000027383	ENSGGOT00000026547	ENSGGOP00000022320	-1	ENSGGOE00000201626	8380084	8380215	7	637	768	8380084	8380215	0	0
ENSGGOG00000027383	ENSGGOT00000026547	ENSGGOP00000022320	-1	ENSGGOE00000253883	8379791	8379925	8	769	903	8379791	8379925	0	0
ENSGGOG00000027383	ENSGGOT00000026547	ENSGGOP00000022320	-1	ENSGGOE00000321106	8378607	8378739	9	904	1036	8378607	8378739	0	1
ENSGGOG00000027383	ENSGGOT00000026547	ENSGGOP00000022320	-1	ENSGGOE00000222303	8378205	8378401	10	1037	1233	8378205	8378401	1	0
ENSGGOG00000027383	ENSGGOT00000026547	ENSGGOP00000022320	-1	ENSGGOE00000187951	8376098	8376178	11	1234	1314	8376098	8376178	0	0
ENSGGOG00000027383	ENSGGOT00000026547	ENSGGOP00000022320	-1	ENSGGOE00000190748	8375897	8375983	12	1315	1401	8375897	8375983	0	0
ENSGGOG00000027383	ENSGGOT00000026547	ENSGGOP00000022320	-1	ENSGGOE00000243893	8373816	8373902	13	1402	1488	8373816	8373902	0	0
ENSGGOG00000027383	ENSGGOT00000026547	ENSGGOP00000022320	-1	ENSGGOE00000259650	8372470	8372637	14	1489	1656	8372470	8372637	0	0
ENSGGOG00000027383	ENSGGOT00000026547	ENSGGOP00000022320	-1	ENSGGOE00000257269	8370461	8370546	15	1657	1742	8370461	8370546	0	2
ENSGGOG00000027383	ENSGGOT00000026547	ENSGGOP00000022320	-1	ENSGGOE00000261833	8368491	8368572	16	1743	1824	8368491	8368572	2	0
ENSGGOG00000027383	ENSGGOT00000026547	ENSGGOP00000022320	-1	ENSGGOE00000210274	8365475	8365581	17	1825	1931	8365475	8365581	0	2
ENSGGOG00000027383	ENSGGOT00000026547	ENSGGOP00000022320	-1	ENSGGOE00000242444	8365025	8365123	18	1932	2030	8365025	8365123	2	2
ENSGGOG00000027383	ENSGGOT00000026547	ENSGGOP00000022320	-1	ENSGGOE00000259972	8364778	8364922	19	2031	2175	8364778	8364922	2	0
ENSGGOG00000027383	ENSGGOT00000026547	ENSGGOP00000022320	-1	ENSGGOE00000208525	8358969	8359083	20	2176	2290	8358969	8359083	0	1
ENSGGOG00000027383	ENSGGOT00000026547	ENSGGOP00000022320	-1	ENSGGOE00000267825	8358706	8358875	21	2291	2460	8358706	8358875	1	0
ENSGGOG00000027383	ENSGGOT00000026547	ENSGGOP00000022320	-1	ENSGGOE00000189275	8355343	8355488	22	2461	2606	8355343	8355488	0	2
ENSGGOG00000027383	ENSGGOT00000026547	ENSGGOP00000022320	-1	ENSGGOE00000185609	8354795	8354941	23	2607	2753	8354795	8354941	2	2
ENSGGOG00000027383	ENSGGOT00000026547	ENSGGOP00000022320	-1	ENSGGOE00000281452	8354459	8354607	24	2754	2902	8354459	8354607	2	1
ENSGGOG00000027383	ENSGGOT00000026547	ENSGGOP00000022320	-1	ENSGGOE00000282621	8353472	8353555	25	2903	2986	8353472	8353555	1	1
ENSGGOG00000027383	ENSGGOT00000026547	ENSGGOP00000022320	-1	ENSGGOE00000225021	8350619	8350814	26	2987	3182	8350619	8350814	1	2
ENSGGOG00000027383	ENSGGOT00000026547	ENSGGOP00000022320	-1	ENSGGOE00000221822	8350362	8350531	27	3183	3352	8350362	8350531	2	1
ENSGGOG00000027383	ENSGGOT00000026547	ENSGGOP00000022320	-1	ENSGGOE00000242696	8349088	8349581	28	3353	3429	8349505	8349581	1	-1
ENSMMUG00000014247	ENSMMUT00000065830	ENSMMUP00000050760	-1	ENSMMUE00000241713	8727771	8727890	1	118	120	8727771	8727773	-1	0
ENSMMUG00000014247	ENSMMUT00000065830	ENSMMUP00000050760	-1	ENSMMUE00000241717	8722741	8722878	2	121	258	8722741	8722878	0	0
ENSMMUG00000014247	ENSMMUT00000065830	ENSMMUP00000050760	-1	ENSMMUE00000137697	8721756	8721845	3	259	348	8721756	8721845	0	0
ENSMMUG00000014247	ENSMMUT00000065830	ENSMMUP00000050760	-1	ENSMMUE00000137698	8721555	8721649	4	349	443	8721555	8721649	0	2
ENSMMUG00000014247	ENSMMUT00000065830	ENSMMUP00000050760	-1	ENSMMUE00000137699	8720383	8720470	5	444	531	8720383	8720470	2	0
ENSMMUG00000014247	ENSMMUT00000065830	ENSMMUP00000050760	-1	ENSMMUE00000137700	8720171	8720260	6	532	621	8720171	8720260	0	0
ENSMMUG00000014247	ENSMMUT00000065830	ENSMMUP00000050760	-1	ENSMMUE00000137701	8719072	8719203	7	622	753	8719072	8719203	0	0
ENSMMUG00000014247	ENSMMUT00000065830	ENSMMUP00000050760	-1	ENSMMUE00000137702	8718778	8718912	8	754	888	8718778	8718912	0	0
ENSMMUG00000014247	ENSMMUT00000065830	ENSMMUP00000050760	-1	ENSMMUE00000137703	8717602	8717734	9	889	1021	8717602	8717734	0	1
ENSMMUG00000014247	ENSMMUT00000065830	ENSMMUP00000050760	-1	ENSMMUE00000137704	8717204	8717400	10	1022	1218	8717204	8717400	1	0
ENSMMUG00000014247	ENSMMUT00000065830	ENSMMUP00000050760	-1	ENSMMUE00000383418	8715241	8715321	11	1219	1299	8715241	8715321	0	0
ENSMMUG00000014247	ENSMMUT00000065830	ENSMMUP00000050760	-1	ENSMMUE00000137709	8715040	8715126	12	1300	1386	8715040	8715126	0	0
ENSMMUG00000014247	ENSMMUT00000065830	ENSMMUP00000050760	-1	ENSMMUE00000137710	8712316	8712402	13	1387	1473	8712316	8712402	0	0
ENSMMUG00000014247	ENSMMUT00000065830	ENSMMUP00000050760	-1	ENSMMUE00000137711	8710939	8711106	14	1474	1641	8710939	8711106	0	0
ENSMMUG00000014247	ENSMMUT00000065830	ENSMMUP00000050760	-1	ENSMMUE00000137712	8709327	8709412	15	1642	1727	8709327	8709412	0	2
ENSMMUG00000014247	ENSMMUT00000065830	ENSMMUP00000050760	-1	ENSMMUE00000241714	8706179	8706260	16	1728	1809	8706179	8706260	2	0
ENSMMUG00000014247	ENSMMUT00000065830	ENSMMUP00000050760	-1	ENSMMUE00000404729	8703125	8703231	17	1810	1916	8703125	8703231	0	2
ENSMMUG00000014247	ENSMMUT00000065830	ENSMMUP00000050760	-1	ENSMMUE00000404436	8702675	8702773	18	1917	2015	8702675	8702773	2	2
ENSMMUG00000014247	ENSMMUT00000065830	ENSMMUP00000050760	-1	ENSMMUE00000331610	8702427	8702571	19	2016	2160	8702427	8702571	2	0
ENSMMUG00000014247	ENSMMUT00000065830	ENSMMUP00000050760	-1	ENSMMUE00000373830	8695931	8696045	20	2161	2275	8695931	8696045	0	1
ENSMMUG00000014247	ENSMMUT00000065830	ENSMMUP00000050760	-1	ENSMMUE00000348390	8695668	8695837	21	2276	2445	8695668	8695837	1	0
ENSMMUG00000014247	ENSMMUT00000065830	ENSMMUP00000050760	-1	ENSMMUE00000338149	8692994	8693139	22	2446	2591	8692994	8693139	0	2
ENSMMUG00000014247	ENSMMUT00000065830	ENSMMUP00000050760	-1	ENSMMUE00000333014	8692445	8692591	23	2592	2738	8692445	8692591	2	2
ENSMMUG00000014247	ENSMMUT00000065830	ENSMMUP00000050760	-1	ENSMMUE00000390098	8692114	8692262	24	2739	2887	8692114	8692262	2	1
ENSMMUG00000014247	ENSMMUT00000065830	ENSMMUP00000050760	-1	ENSMMUE00000403793	8690747	8690845	25	2888	2986	8690747	8690845	1	1
ENSMMUG00000014247	ENSMMUT00000065830	ENSMMUP00000050760	-1	ENSMMUE00000323947	8687608	8687803	26	2987	3182	8687608	8687803	1	2
ENSMMUG00000014247	ENSMMUT00000065830	ENSMMUP00000050760	-1	ENSMMUE00000345028	8687351	8687520	27	3183	3352	8687351	8687520	2	1
ENSMMUG00000014247	ENSMMUT00000065830	ENSMMUP00000050760	-1	ENSMMUE00000388918	8686409	8686904	28	3353	3429	8686828	8686904	1	-1
ENSMMUG00000014247	ENSMMUT00000019992	ENSMMUP00000018712	-1	ENSMMUE00000241717	8722741	8722878	2	4	141	8722741	8722878	0	0
ENSMMUG00000014247	ENSMMUT00000019992	ENSMMUP00000018712	-1	ENSMMUE00000137697	8721756	8721845	3	142	231	8721756	8721845	0	0
ENSMMUG00000014247	ENSMMUT00000019992	ENSMMUP00000018712	-1	ENSMMUE00000137698	8721555	8721649	4	232	326	8721555	8721649	0	2
ENSMMUG00000014247	ENSMMUT00000019992	ENSMMUP00000018712	-1	ENSMMUE00000137699	8720383	8720470	5	327	414	8720383	8720470	2	0
ENSMMUG00000014247	ENSMMUT00000019992	ENSMMUP00000018712	-1	ENSMMUE00000137700	8720171	8720260	6	415	504	8720171	8720260	0	0
ENSMMUG00000014247	ENSMMUT00000019992	ENSMMUP00000018712	-1	ENSMMUE00000137701	8719072	8719203	7	505	636	8719072	8719203	0	0
ENSMMUG00000014247	ENSMMUT00000019992	ENSMMUP00000018712	-1	ENSMMUE00000137702	8718778	8718912	8	637	771	8718778	8718912	0	0
ENSMMUG00000014247	ENSMMUT00000019992	ENSMMUP00000018712	-1	ENSMMUE00000137703	8717602	8717734	9	772	904	8717602	8717734	0	1
ENSMMUG00000014247	ENSMMUT00000019992	ENSMMUP00000018712	-1	ENSMMUE00000383418	8715241	8715321	12	1102	1182	8715241	8715321	0	0
ENSMMUG00000014247	ENSMMUT00000019992	ENSMMUP00000018712	-1	ENSMMUE00000137709	8715040	8715126	13	1183	1269	8715040	8715126	0	0
ENSMMUG00000014247	ENSMMUT00000019992	ENSMMUP00000018712	-1	ENSMMUE00000137710	8712316	8712402	14	1270	1356	8712316	8712402	0	0
ENSMMUG00000014247	ENSMMUT00000019992	ENSMMUP00000018712	-1	ENSMMUE00000137711	8710939	8711106	15	1357	1524	8710939	8711106	0	0
ENSMMUG00000014247	ENSMMUT00000019992	ENSMMUP00000018712	-1	ENSMMUE00000137712	8709327	8709412	16	1525	1610	8709327	8709412	0	2
ENSMMUG00000014247	ENSMMUT00000019992	ENSMMUP00000018712	-1	ENSMMUE00000241714	8706179	8706260	17	1611	1692	8706179	8706260	2	0
ENSMMUG00000014247	ENSMMUT00000019992	ENSMMUP00000018712	-1	ENSMMUE00000404729	8703125	8703231	18	1693	1799	8703125	8703231	0	2
ENSMMUG00000014247	ENSMMUT00000019992	ENSMMUP00000018712	-1	ENSMMUE00000404436	8702675	8702773	19	1800	1898	8702675	8702773	2	2
ENSMMUG00000014247	ENSMMUT00000019992	ENSMMUP00000018712	-1	ENSMMUE00000331610	8702427	8702571	20	1899	2043	8702427	8702571	2	0
ENSMMUG00000014247	ENSMMUT00000019992	ENSMMUP00000018712	-1	ENSMMUE00000373830	8695931	8696045	21	2044	2158	8695931	8696045	0	1
ENSMMUG00000014247	ENSMMUT00000019992	ENSMMUP00000018712	-1	ENSMMUE00000348390	8695668	8695837	22	2159	2328	8695668	8695837	1	0
ENSMMUG00000014247	ENSMMUT00000019992	ENSMMUP00000018712	-1	ENSMMUE00000338149	8692994	8693139	23	2329	2474	8692994	8693139	0	2
ENSMMUG00000014247	ENSMMUT00000019992	ENSMMUP00000018712	-1	ENSMMUE00000333014	8692445	8692591	24	2475	2621	8692445	8692591	2	2
ENSMMUG00000014247	ENSMMUT00000019992	ENSMMUP00000018712	-1	ENSMMUE00000390098	8692114	8692262	25	2622	2770	8692114	8692262	2	1
ENSMMUG00000014247	ENSMMUT00000019992	ENSMMUP00000018712	-1	ENSMMUE00000403793	8690747	8690845	26	2771	2869	8690747	8690845	1	1
ENSMMUG00000014247	ENSMMUT00000019992	ENSMMUP00000018712	-1	ENSMMUE00000323947	8687608	8687803	27	2870	3065	8687608	8687803	1	2
ENSMMUG00000014247	ENSMMUT00000019992	ENSMMUP00000018712	-1	ENSMMUE00000345028	8687351	8687520	28	3066	3235	8687351	8687520	2	1
ENSMMUG00000014247	ENSMMUT00000019992	ENSMMUP00000018712	-1	ENSMMUE00000410382	8727771	8727773	1	1	3	8727771	8727773	0	0
ENSMMUG00000014247	ENSMMUT00000019992	ENSMMUP00000018712	-1	ENSMMUE00000241716	8717210	8717400	10	905	1095	8717210	8717400	1	0
ENSMMUG00000014247	ENSMMUT00000019992	ENSMMUP00000018712	-1	ENSMMUE00000378396	8716302	8716307	11	1096	1101	8716302	8716307	0	0
ENSMMUG00000014247	ENSMMUT00000019992	ENSMMUP00000018712	-1	ENSMMUE00000408813	8686828	8686904	29	3236	3312	8686828	8686904	1	0
ENSMMUG00000014247	ENSMMUT00000019995	ENSMMUP00000018715	-1	ENSMMUE00000241717	8722741	8722878	2	4	141	8722741	8722878	0	0
ENSMMUG00000014247	ENSMMUT00000019995	ENSMMUP00000018715	-1	ENSMMUE00000137697	8721756	8721845	3	142	231	8721756	8721845	0	0
ENSMMUG00000014247	ENSMMUT00000019995	ENSMMUP00000018715	-1	ENSMMUE00000137698	8721555	8721649	4	232	326	8721555	8721649	0	2
ENSMMUG00000014247	ENSMMUT00000019995	ENSMMUP00000018715	-1	ENSMMUE00000137699	8720383	8720470	5	327	414	8720383	8720470	2	0
ENSMMUG00000014247	ENSMMUT00000019995	ENSMMUP00000018715	-1	ENSMMUE00000137700	8720171	8720260	6	415	504	8720171	8720260	0	0
ENSMMUG00000014247	ENSMMUT00000019995	ENSMMUP00000018715	-1	ENSMMUE00000137701	8719072	8719203	7	505	636	8719072	8719203	0	0
ENSMMUG00000014247	ENSMMUT00000019995	ENSMMUP00000018715	-1	ENSMMUE00000137702	8718778	8718912	8	637	771	8718778	8718912	0	0
ENSMMUG00000014247	ENSMMUT00000019995	ENSMMUP00000018715	-1	ENSMMUE00000137703	8717602	8717734	9	772	904	8717602	8717734	0	1
ENSMMUG00000014247	ENSMMUT00000019995	ENSMMUP00000018715	-1	ENSMMUE00000137704	8717204	8717400	10	905	1101	8717204	8717400	1	0
ENSMMUG00000014247	ENSMMUT00000019995	ENSMMUP00000018715	-1	ENSMMUE00000383418	8715241	8715321	11	1102	1182	8715241	8715321	0	0
ENSMMUG00000014247	ENSMMUT00000019995	ENSMMUP00000018715	-1	ENSMMUE00000137709	8715040	8715126	12	1183	1269	8715040	8715126	0	0
ENSMMUG00000014247	ENSMMUT00000019995	ENSMMUP00000018715	-1	ENSMMUE00000137710	8712316	8712402	13	1270	1356	8712316	8712402	0	0
ENSMMUG00000014247	ENSMMUT00000019995	ENSMMUP00000018715	-1	ENSMMUE00000137711	8710939	8711106	14	1357	1524	8710939	8711106	0	0
ENSMMUG00000014247	ENSMMUT00000019995	ENSMMUP00000018715	-1	ENSMMUE00000137712	8709327	8709412	15	1525	1610	8709327	8709412	0	2
ENSMMUG00000014247	ENSMMUT00000019995	ENSMMUP00000018715	-1	ENSMMUE00000241714	8706179	8706260	16	1611	1692	8706179	8706260	2	0
ENSMMUG00000014247	ENSMMUT00000019995	ENSMMUP00000018715	-1	ENSMMUE00000404729	8703125	8703231	17	1693	1799	8703125	8703231	0	2
ENSMMUG00000014247	ENSMMUT00000019995	ENSMMUP00000018715	-1	ENSMMUE00000404436	8702675	8702773	18	1800	1898	8702675	8702773	2	2
ENSMMUG00000014247	ENSMMUT00000019995	ENSMMUP00000018715	-1	ENSMMUE00000331610	8702427	8702571	19	1899	2043	8702427	8702571	2	0
ENSMMUG00000014247	ENSMMUT00000019995	ENSMMUP00000018715	-1	ENSMMUE00000373830	8695931	8696045	20	2044	2158	8695931	8696045	0	1
ENSMMUG00000014247	ENSMMUT00000019995	ENSMMUP00000018715	-1	ENSMMUE00000348390	8695668	8695837	21	2159	2328	8695668	8695837	1	0
ENSMMUG00000014247	ENSMMUT00000019995	ENSMMUP00000018715	-1	ENSMMUE00000338149	8692994	8693139	22	2329	2474	8692994	8693139	0	2
ENSMMUG00000014247	ENSMMUT00000019995	ENSMMUP00000018715	-1	ENSMMUE00000333014	8692445	8692591	23	2475	2621	8692445	8692591	2	2
ENSMMUG00000014247	ENSMMUT00000019995	ENSMMUP00000018715	-1	ENSMMUE00000390098	8692114	8692262	24	2622	2770	8692114	8692262	2	1
ENSMMUG00000014247	ENSMMUT00000019995	ENSMMUP00000018715	-1	ENSMMUE00000403793	8690747	8690845	25	2771	2869	8690747	8690845	1	1
ENSMMUG00000014247	ENSMMUT00000019995	ENSMMUP00000018715	-1	ENSMMUE00000323947	8687608	8687803	26	2870	3065	8687608	8687803	1	2
ENSMMUG00000014247	ENSMMUT00000019995	ENSMMUP00000018715	-1	ENSMMUE00000345028	8687351	8687520	27	3066	3235	8687351	8687520	2	1
ENSMMUG00000014247	ENSMMUT00000019995	ENSMMUP00000018715	-1	ENSMMUE00000408813	8686828	8686904	28	3236	3312	8686828	8686904	1	0
ENSMMUG00000014247	ENSMMUT00000019995	ENSMMUP00000018715	-1	ENSMMUE00000401294	8722945	8722947	1	1	3	8722945	8722947	0	0
ENSRNOG00000008409	ENSRNOT00000011513	ENSRNOP00000011513	1	ENSRNOE00000436693	18440742	18440888	1	145	147	18440886	18440888	-1	0
ENSRNOG00000008409	ENSRNOT00000011513	ENSRNOP00000011513	1	ENSRNOE00000231286	18459151	18459288	2	148	285	18459151	18459288	0	0
ENSRNOG00000008409	ENSRNOT00000011513	ENSRNOP00000011513	1	ENSRNOE00000081900	18459721	18459810	3	286	375	18459721	18459810	0	0
ENSRNOG00000008409	ENSRNOT00000011513	ENSRNOP00000011513	1	ENSRNOE00000352067	18459900	18459994	4	376	470	18459900	18459994	0	2
ENSRNOG00000008409	ENSRNOT00000011513	ENSRNOP00000011513	1	ENSRNOE00000079921	18461372	18461459	5	471	558	18461372	18461459	2	0
ENSRNOG00000008409	ENSRNOT00000011513	ENSRNOP00000011513	1	ENSRNOE00000079972	18461546	18461635	6	559	648	18461546	18461635	0	0
ENSRNOG00000008409	ENSRNOT00000011513	ENSRNOP00000011513	1	ENSRNOE00000336609	18463205	18463336	7	649	780	18463205	18463336	0	0
ENSRNOG00000008409	ENSRNOT00000011513	ENSRNOP00000011513	1	ENSRNOE00000082132	18463496	18463630	8	781	915	18463496	18463630	0	0
ENSRNOG00000008409	ENSRNOT00000011513	ENSRNOP00000011513	1	ENSRNOE00000082184	18465334	18465466	9	916	1048	18465334	18465466	0	1
ENSRNOG00000008409	ENSRNOT00000011513	ENSRNOP00000011513	1	ENSRNOE00000082234	18465616	18465812	10	1049	1245	18465616	18465812	1	0
ENSRNOG00000008409	ENSRNOT00000011513	ENSRNOP00000011513	1	ENSRNOE00000080282	18469353	18469433	11	1246	1326	18469353	18469433	0	0
ENSRNOG00000008409	ENSRNOT00000011513	ENSRNOP00000011513	1	ENSRNOE00000342476	18469546	18469632	12	1327	1413	18469546	18469632	0	0
ENSRNOG00000008409	ENSRNOT00000011513	ENSRNOP00000011513	1	ENSRNOE00000080368	18471927	18472013	13	1414	1500	18471927	18472013	0	0
ENSRNOG00000008409	ENSRNOT00000011513	ENSRNOP00000011513	1	ENSRNOE00000082284	18472466	18472633	14	1501	1668	18472466	18472633	0	0
ENSRNOG00000008409	ENSRNOT00000011513	ENSRNOP00000011513	1	ENSRNOE00000080456	18474252	18474337	15	1669	1754	18474252	18474337	0	2
ENSRNOG00000008409	ENSRNOT00000011513	ENSRNOP00000011513	1	ENSRNOE00000082328	18476616	18476697	16	1755	1836	18476616	18476697	2	0
ENSRNOG00000008409	ENSRNOT00000011513	ENSRNOP00000011513	1	ENSRNOE00000333828	18478299	18478405	17	1837	1943	18478299	18478405	0	2
ENSRNOG00000008409	ENSRNOT00000011513	ENSRNOP00000011513	1	ENSRNOE00000366048	18479264	18479362	18	1944	2042	18479264	18479362	2	2
ENSRNOG00000008409	ENSRNOT00000011513	ENSRNOP00000011513	1	ENSRNOE00000080644	18479466	18479610	19	2043	2187	18479466	18479610	2	0
ENSRNOG00000008409	ENSRNOT00000011513	ENSRNOP00000011513	1	ENSRNOE00000080697	18482330	18482444	20	2188	2302	18482330	18482444	0	1
ENSRNOG00000008409	ENSRNOT00000011513	ENSRNOP00000011513	1	ENSRNOE00000331458	18482532	18482701	21	2303	2472	18482532	18482701	1	0
ENSRNOG00000008409	ENSRNOT00000011513	ENSRNOP00000011513	1	ENSRNOE00000080866	18485444	18485589	22	2473	2618	18485444	18485589	0	2
ENSRNOG00000008409	ENSRNOT00000011513	ENSRNOP00000011513	1	ENSRNOE00000082378	18486046	18486192	23	2619	2765	18486046	18486192	2	2
ENSRNOG00000008409	ENSRNOT00000011513	ENSRNOP00000011513	1	ENSRNOE00000080945	18486328	18486476	24	2766	2914	18486328	18486476	2	1
ENSRNOG00000008409	ENSRNOT00000011513	ENSRNOP00000011513	1	ENSRNOE00000082576	18486903	18486986	25	2915	2998	18486903	18486986	1	1
ENSRNOG00000008409	ENSRNOT00000011513	ENSRNOP00000011513	1	ENSRNOE00000081173	18488442	18488637	26	2999	3194	18488442	18488637	1	2
ENSRNOG00000008409	ENSRNOT00000011513	ENSRNOP00000011513	1	ENSRNOE00000082898	18488735	18488904	27	3195	3364	18488735	18488904	2	1
ENSRNOG00000008409	ENSRNOT00000011513	ENSRNOP00000011513	1	ENSRNOE00000448249	18490996	18491448	28	3365	3441	18490996	18491072	1	-1
ENSMUSG00000024300	ENSMUST00000087605	ENSMUSP00000084887	1	ENSMUSE00000699210	33555707	33555856	1	148	150	33555854	33555856	-1	0
ENSMUSG00000024300	ENSMUST00000087605	ENSMUSP00000084887	1	ENSMUSE00000331991	33575791	33575928	2	151	288	33575791	33575928	0	0
ENSMUSG00000024300	ENSMUST00000087605	ENSMUSP00000084887	1	ENSMUSE00000140680	33576434	33576523	3	289	378	33576434	33576523	0	0
ENSMUSG00000024300	ENSMUST00000087605	ENSMUSP00000084887	1	ENSMUSE00000546776	33576613	33576707	4	379	473	33576613	33576707	0	2
ENSMUSG00000024300	ENSMUST00000087605	ENSMUSP00000084887	1	ENSMUSE00000400959	33578093	33578180	5	474	561	33578093	33578180	2	0
ENSMUSG00000024300	ENSMUST00000087605	ENSMUSP00000084887	1	ENSMUSE00000546771	33578260	33578349	6	562	651	33578260	33578349	0	0
ENSMUSG00000024300	ENSMUST00000087605	ENSMUSP00000084887	1	ENSMUSE00000546769	33579867	33579998	7	652	783	33579867	33579998	0	0
ENSMUSG00000024300	ENSMUST00000087605	ENSMUSP00000084887	1	ENSMUSE00000430762	33580159	33580293	8	784	918	33580159	33580293	0	0
ENSMUSG00000024300	ENSMUST00000087605	ENSMUSP00000084887	1	ENSMUSE00000430749	33581958	33582090	9	919	1051	33581958	33582090	0	1
ENSMUSG00000024300	ENSMUST00000087605	ENSMUSP00000084887	1	ENSMUSE00000395069	33582240	33582436	10	1052	1248	33582240	33582436	1	0
ENSMUSG00000024300	ENSMUST00000087605	ENSMUSP00000084887	1	ENSMUSE00000140670	33583685	33583765	11	1249	1329	33583685	33583765	0	0
ENSMUSG00000024300	ENSMUST00000087605	ENSMUSP00000084887	1	ENSMUSE00001255888	33583890	33583976	12	1330	1416	33583890	33583976	0	0
ENSMUSG00000024300	ENSMUST00000087605	ENSMUSP00000084887	1	ENSMUSE00001272708	33585593	33585679	13	1417	1503	33585593	33585679	0	0
ENSMUSG00000024300	ENSMUST00000087605	ENSMUSP00000084887	1	ENSMUSE00001226164	33586116	33586283	14	1504	1671	33586116	33586283	0	0
ENSMUSG00000024300	ENSMUST00000087605	ENSMUSP00000084887	1	ENSMUSE00001308252	33588103	33588188	15	1672	1757	33588103	33588188	0	2
ENSMUSG00000024300	ENSMUST00000087605	ENSMUSP00000084887	1	ENSMUSE00001267389	33590828	33590909	16	1758	1839	33590828	33590909	2	0
ENSMUSG00000024300	ENSMUST00000087605	ENSMUSP00000084887	1	ENSMUSE00001260836	33592921	33593027	17	1840	1946	33592921	33593027	0	2
ENSMUSG00000024300	ENSMUST00000087605	ENSMUSP00000084887	1	ENSMUSE00001283492	33594021	33594119	18	1947	2045	33594021	33594119	2	2
ENSMUSG00000024300	ENSMUST00000087605	ENSMUSP00000084887	1	ENSMUSE00001278103	33594223	33594367	19	2046	2190	33594223	33594367	2	0
ENSMUSG00000024300	ENSMUST00000087605	ENSMUSP00000084887	1	ENSMUSE00001214361	33597941	33598055	20	2191	2305	33597941	33598055	0	1
ENSMUSG00000024300	ENSMUST00000087605	ENSMUSP00000084887	1	ENSMUSE00001288270	33598143	33598312	21	2306	2475	33598143	33598312	1	0
ENSMUSG00000024300	ENSMUST00000087605	ENSMUSP00000084887	1	ENSMUSE00001256756	33601051	33601196	22	2476	2621	33601051	33601196	0	2
ENSMUSG00000024300	ENSMUST00000087605	ENSMUSP00000084887	1	ENSMUSE00001244098	33601659	33601805	23	2622	2768	33601659	33601805	2	2
ENSMUSG00000024300	ENSMUST00000087605	ENSMUSP00000084887	1	ENSMUSE00001311283	33601942	33602090	24	2769	2917	33601942	33602090	2	1
ENSMUSG00000024300	ENSMUST00000087605	ENSMUSP00000084887	1	ENSMUSE00001308985	33602526	33602609	25	2918	3001	33602526	33602609	1	1
ENSMUSG00000024300	ENSMUST00000087605	ENSMUSP00000084887	1	ENSMUSE00001235881	33604257	33604452	26	3002	3197	33604257	33604452	1	2
ENSMUSG00000024300	ENSMUST00000087605	ENSMUSP00000084887	1	ENSMUSE00001297767	33604550	33604719	27	3198	3367	33604550	33604719	2	1
ENSMUSG00000024300	ENSMUST00000087605	ENSMUSP00000084887	1	ENSMUSE00000934611	33607299	33607762	28	3368	3444	33607299	33607375	1	-1
ENSMUSG00000024300	ENSMUST00000173372	ENSMUSP00000134715	1	ENSMUSE00000331991	33575791	33575928	2	113	250	33575791	33575928	0	0
ENSMUSG00000024300	ENSMUST00000173372	ENSMUSP00000134715	1	ENSMUSE00000140680	33576434	33576523	3	251	340	33576434	33576523	0	0
ENSMUSG00000024300	ENSMUST00000173372	ENSMUSP00000134715	1	ENSMUSE00000546776	33576613	33576707	4	341	435	33576613	33576707	0	2
ENSMUSG00000024300	ENSMUST00000173372	ENSMUSP00000134715	1	ENSMUSE00000400959	33578093	33578180	5	436	523	33578093	33578180	2	0
ENSMUSG00000024300	ENSMUST00000173372	ENSMUSP00000134715	1	ENSMUSE00000546771	33578260	33578349	6	524	613	33578260	33578349	0	0
ENSMUSG00000024300	ENSMUST00000173372	ENSMUSP00000134715	1	ENSMUSE00000546769	33579867	33579998	7	614	745	33579867	33579998	0	0
ENSMUSG00000024300	ENSMUST00000173372	ENSMUSP00000134715	1	ENSMUSE00000430762	33580159	33580293	8	746	880	33580159	33580293	0	0
ENSMUSG00000024300	ENSMUST00000173372	ENSMUSP00000134715	1	ENSMUSE00000430749	33581958	33582090	9	881	1013	33581958	33582090	0	1
ENSMUSG00000024300	ENSMUST00000173372	ENSMUSP00000134715	1	ENSMUSE00000395069	33582240	33582436	10	1014	1210	33582240	33582436	1	0
ENSMUSG00000024300	ENSMUST00000173372	ENSMUSP00000134715	1	ENSMUSE00000140670	33583685	33583765	11	1211	1291	33583685	33583765	0	0
ENSMUSG00000024300	ENSMUST00000173372	ENSMUSP00000134715	1	ENSMUSE00001255888	33583890	33583976	12	1292	1378	33583890	33583976	0	0
ENSMUSG00000024300	ENSMUST00000173372	ENSMUSP00000134715	1	ENSMUSE00001272708	33585593	33585679	13	1379	1465	33585593	33585679	0	0
ENSMUSG00000024300	ENSMUST00000173372	ENSMUSP00000134715	1	ENSMUSE00001226164	33586116	33586283	14	1466	1633	33586116	33586283	0	0
ENSMUSG00000024300	ENSMUST00000173372	ENSMUSP00000134715	1	ENSMUSE00001308252	33588103	33588188	15	1634	1719	33588103	33588188	0	2
ENSMUSG00000024300	ENSMUST00000173372	ENSMUSP00000134715	1	ENSMUSE00001267389	33590828	33590909	16	1720	1801	33590828	33590909	2	0
ENSMUSG00000024300	ENSMUST00000173372	ENSMUSP00000134715	1	ENSMUSE00001260836	33592921	33593027	17	1802	1908	33592921	33593027	0	2
ENSMUSG00000024300	ENSMUST00000173372	ENSMUSP00000134715	1	ENSMUSE00001283492	33594021	33594119	18	1909	2007	33594021	33594119	2	2
ENSMUSG00000024300	ENSMUST00000173372	ENSMUSP00000134715	1	ENSMUSE00001278103	33594223	33594367	19	2008	2152	33594223	33594367	2	0
ENSMUSG00000024300	ENSMUST00000173372	ENSMUSP00000134715	1	ENSMUSE00001214361	33597941	33598055	20	2153	2267	33597941	33598055	0	1
ENSMUSG00000024300	ENSMUST00000173372	ENSMUSP00000134715	1	ENSMUSE00000938178	33555745	33555856	1	110	112	33555854	33555856	-1	0
ENSMUSG00000024300	ENSMUST00000173372	ENSMUSP00000134715	1	ENSMUSE00000941905	33598143	33598323	21	2268	2448	33598143	33598323	1	2
ENSMUSG00000024300	ENSMUST00000173372	ENSMUSP00000134715	1	ENSMUSE00001305771	33601051	33601196	22	2449	2467	33601051	33601069	2	-1
ENSMUSG00000024300	ENSMUST00000173372	ENSMUSP00000134715	1	ENSMUSE00001211430	33601659	33601805	23					-1	-1
ENSMUSG00000024300	ENSMUST00000173372	ENSMUSP00000134715	1	ENSMUSE00001224768	33601942	33602090	24					-1	-1
ENSMUSG00000024300	ENSMUST00000173372	ENSMUSP00000134715	1	ENSMUSE00001244254	33602526	33602609	25					-1	-1
ENSMUSG00000024300	ENSMUST00000173372	ENSMUSP00000134715	1	ENSMUSE00001291048	33604257	33604452	26					-1	-1
ENSMUSG00000024300	ENSMUST00000173372	ENSMUSP00000134715	1	ENSMUSE00001218583	33604550	33604719	27					-1	-1
ENSMUSG00000024300	ENSMUST00000173372	ENSMUSP00000134715	1	ENSMUSE00000934383	33607299	33607758	28					-1	-1
ENSMUSG00000024300	ENSMUST00000174695	ENSMUSP00000134600	1	ENSMUSE00000331991	33575791	33575928	2	93	230	33575791	33575928	0	0
ENSMUSG00000024300	ENSMUST00000174695	ENSMUSP00000134600	1	ENSMUSE00000546776	33576613	33576707	3	231	325	33576613	33576707	0	2
ENSMUSG00000024300	ENSMUST00000174695	ENSMUSP00000134600	1	ENSMUSE00000927305	33555765	33555856	1	90	92	33555854	33555856	-1	0
ENSMUSG00000024300	ENSMUST00000174695	ENSMUSP00000134600	1	ENSMUSE00000942506	33578093	33578149	4	326	382	33578093	33578149	2	2
ENSMUSG00000024300	ENSMUST00000173426		1	ENSMUSE00001211430	33601659	33601805	13					-1	-1
ENSMUSG00000024300	ENSMUST00000173426		1	ENSMUSE00001224768	33601942	33602090	14					-1	-1
ENSMUSG00000024300	ENSMUST00000173426		1	ENSMUSE00001244254	33602526	33602609	15					-1	-1
ENSMUSG00000024300	ENSMUST00000173426		1	ENSMUSE00001291048	33604257	33604452	16					-1	-1
ENSMUSG00000024300	ENSMUST00000173426		1	ENSMUSE00001218583	33604550	33604719	17					-1	-1
ENSMUSG00000024300	ENSMUST00000173426		1	ENSMUSE00000944869	33582603	33583765	1					-1	-1
ENSMUSG00000024300	ENSMUST00000173426		1	ENSMUSE00001227561	33583890	33583976	2					-1	-1
ENSMUSG00000024300	ENSMUST00000173426		1	ENSMUSE00001274680	33585593	33585679	3					-1	-1
ENSMUSG00000024300	ENSMUST00000173426		1	ENSMUSE00001209040	33586116	33586283	4					-1	-1
ENSMUSG00000024300	ENSMUST00000173426		1	ENSMUSE00001242047	33588103	33588188	5					-1	-1
ENSMUSG00000024300	ENSMUST00000173426		1	ENSMUSE00001277429	33590828	33590909	6					-1	-1
ENSMUSG00000024300	ENSMUST00000173426		1	ENSMUSE00001301295	33592921	33593027	7					-1	-1
ENSMUSG00000024300	ENSMUST00000173426		1	ENSMUSE00001304677	33594021	33594119	8					-1	-1
ENSMUSG00000024300	ENSMUST00000173426		1	ENSMUSE00001288435	33594223	33594367	9					-1	-1
ENSMUSG00000024300	ENSMUST00000173426		1	ENSMUSE00001281035	33597941	33598055	10					-1	-1
ENSMUSG00000024300	ENSMUST00000173426		1	ENSMUSE00001243245	33598143	33598312	11					-1	-1
ENSMUSG00000024300	ENSMUST00000173426		1	ENSMUSE00001313305	33601051	33601196	12					-1	-1
ENSMUSG00000024300	ENSMUST00000173426		1	ENSMUSE00000546724	33607299	33607764	18					-1	-1
ENSMUSG00000024300	ENSMUST00000235099		1	ENSMUSE00001313305	33601051	33601196	2					-1	-1
ENSMUSG00000024300	ENSMUST00000235099		1	ENSMUSE00001452941	33598141	33598312	1					-1	-1
ENSMUSG00000024300	ENSMUST00000235099		1	ENSMUSE00001452845	33601659	33601847	3					-1	-1
ENSBTAG00000007661	ENSBTAT00000010081	ENSBTAP00000010081	-1	ENSBTAE00000468555	17157608	17157724	1	115	117	17157608	17157610	-1	0
ENSBTAG00000007661	ENSBTAT00000010081	ENSBTAP00000010081	-1	ENSBTAE00000081925	17147083	17147220	2	118	255	17147083	17147220	0	0
ENSBTAG00000007661	ENSBTAT00000010081	ENSBTAP00000010081	-1	ENSBTAE00000081926	17146527	17146616	3	256	345	17146527	17146616	0	0
ENSBTAG00000007661	ENSBTAT00000010081	ENSBTAP00000010081	-1	ENSBTAE00000081927	17146347	17146441	4	346	440	17146347	17146441	0	2
ENSBTAG00000007661	ENSBTAT00000010081	ENSBTAP00000010081	-1	ENSBTAE00000081929	17145887	17145974	5	441	528	17145887	17145974	2	0
ENSBTAG00000007661	ENSBTAT00000010081	ENSBTAP00000010081	-1	ENSBTAE00000335691	17145676	17145765	6	529	618	17145676	17145765	0	0
ENSBTAG00000007661	ENSBTAT00000010081	ENSBTAP00000010081	-1	ENSBTAE00000335685	17143584	17143715	7	619	750	17143584	17143715	0	0
ENSBTAG00000007661	ENSBTAT00000010081	ENSBTAP00000010081	-1	ENSBTAE00000335672	17143284	17143418	8	751	885	17143284	17143418	0	0
ENSBTAG00000007661	ENSBTAT00000010081	ENSBTAP00000010081	-1	ENSBTAE00000335648	17142899	17143031	9	886	1018	17142899	17143031	0	1
ENSBTAG00000007661	ENSBTAT00000010081	ENSBTAP00000010081	-1	ENSBTAE00000335631	17142492	17142688	10	1019	1215	17142492	17142688	1	0
ENSBTAG00000007661	ENSBTAT00000010081	ENSBTAP00000010081	-1	ENSBTAE00000335613	17140748	17140828	11	1216	1296	17140748	17140828	0	0
ENSBTAG00000007661	ENSBTAT00000010081	ENSBTAP00000010081	-1	ENSBTAE00000455363	17140568	17140654	12	1297	1383	17140568	17140654	0	0
ENSBTAG00000007661	ENSBTAT00000010081	ENSBTAP00000010081	-1	ENSBTAE00000335601	17139494	17139580	13	1384	1470	17139494	17139580	0	0
ENSBTAG00000007661	ENSBTAT00000010081	ENSBTAP00000010081	-1	ENSBTAE00000335592	17138851	17139018	14	1471	1638	17138851	17139018	0	0
ENSBTAG00000007661	ENSBTAT00000010081	ENSBTAP00000010081	-1	ENSBTAE00000335585	17137143	17137228	15	1639	1724	17137143	17137228	0	2
ENSBTAG00000007661	ENSBTAT00000010081	ENSBTAP00000010081	-1	ENSBTAE00000081944	17134514	17134595	16	1725	1806	17134514	17134595	2	0
ENSBTAG00000007661	ENSBTAT00000010081	ENSBTAP00000010081	-1	ENSBTAE00000081945	17132894	17133000	17	1807	1913	17132894	17133000	0	2
ENSBTAG00000007661	ENSBTAT00000010081	ENSBTAP00000010081	-1	ENSBTAE00000081946	17132325	17132423	18	1914	2012	17132325	17132423	2	2
ENSBTAG00000007661	ENSBTAT00000010081	ENSBTAP00000010081	-1	ENSBTAE00000081947	17132021	17132165	19	2013	2157	17132021	17132165	2	0
ENSBTAG00000007661	ENSBTAT00000010081	ENSBTAP00000010081	-1	ENSBTAE00000081948	17124661	17124775	20	2158	2272	17124661	17124775	0	1
ENSBTAG00000007661	ENSBTAT00000010081	ENSBTAP00000010081	-1	ENSBTAE00000081949	17124396	17124565	21	2273	2442	17124396	17124565	1	0
ENSBTAG00000007661	ENSBTAT00000010081	ENSBTAP00000010081	-1	ENSBTAE00000081950	17123617	17123762	22	2443	2588	17123617	17123762	0	2
ENSBTAG00000007661	ENSBTAT00000010081	ENSBTAP00000010081	-1	ENSBTAE00000081951	17123139	17123285	23	2589	2735	17123139	17123285	2	2
ENSBTAG00000007661	ENSBTAT00000010081	ENSBTAP00000010081	-1	ENSBTAE00000081952	17122799	17122947	24	2736	2884	17122799	17122947	2	1
ENSBTAG00000007661	ENSBTAT00000010081	ENSBTAP00000010081	-1	ENSBTAE00000081953	17122065	17122148	25	2885	2968	17122065	17122148	1	1
ENSBTAG00000007661	ENSBTAT00000010081	ENSBTAP00000010081	-1	ENSBTAE00000081954	17121294	17121489	26	2969	3164	17121294	17121489	1	2
ENSBTAG00000007661	ENSBTAT00000010081	ENSBTAP00000010081	-1	ENSBTAE00000081955	17121044	17121213	27	3165	3334	17121044	17121213	2	1
ENSBTAG00000007661	ENSBTAT00000010081	ENSBTAP00000010081	-1	ENSBTAE00000081956	17119429	17120505	28	3335	3411	17120429	17120505	1	-1
ENSSSCG00000013604	ENSSSCT00000014859	ENSSSCP00000014458	1	ENSSSCE00000318146	70753320	70753322	1	1	3	70753320	70753322	-1	0
ENSSSCG00000013604	ENSSSCT00000014859	ENSSSCP00000014458	1	ENSSSCE00000163060	70762413	70762550	2	4	141	70762413	70762550	0	0
ENSSSCG00000013604	ENSSSCT00000014859	ENSSSCP00000014458	1	ENSSSCE00000244102	70763285	70763374	3	142	231	70763285	70763374	0	0
ENSSSCG00000013604	ENSSSCT00000014859	ENSSSCP00000014458	1	ENSSSCE00000244958	70763458	70763552	4	232	326	70763458	70763552	0	2
ENSSSCG00000013604	ENSSSCT00000014859	ENSSSCP00000014458	1	ENSSSCE00000228684	70764211	70764298	5	327	414	70764211	70764298	2	0
ENSSSCG00000013604	ENSSSCT00000014859	ENSSSCP00000014458	1	ENSSSCE00000187107	70764425	70764514	6	415	504	70764425	70764514	0	0
ENSSSCG00000013604	ENSSSCT00000014859	ENSSSCP00000014458	1	ENSSSCE00000227471	70767603	70767734	7	505	636	70767603	70767734	0	0
ENSSSCG00000013604	ENSSSCT00000014859	ENSSSCP00000014458	1	ENSSSCE00000204350	70767901	70768035	8	637	771	70767901	70768035	0	0
ENSSSCG00000013604	ENSSSCT00000014859	ENSSSCP00000014458	1	ENSSSCE00000179346	70768684	70768816	9	772	904	70768684	70768816	0	1
ENSSSCG00000013604	ENSSSCT00000014859	ENSSSCP00000014458	1	ENSSSCE00000231485	70769154	70769350	10	905	1101	70769154	70769350	1	0
ENSSSCG00000013604	ENSSSCT00000014859	ENSSSCP00000014458	1	ENSSSCE00000199631	70770612	70770692	11	1102	1182	70770612	70770692	0	0
ENSSSCG00000013604	ENSSSCT00000014859	ENSSSCP00000014458	1	ENSSSCE00000225884	70770797	70770883	12	1183	1269	70770797	70770883	0	0
ENSSSCG00000013604	ENSSSCT00000014859	ENSSSCP00000014458	1	ENSSSCE00000246181	70772607	70772693	13	1270	1356	70772607	70772693	0	0
ENSSSCG00000013604	ENSSSCT00000014859	ENSSSCP00000014458	1	ENSSSCE00000222803	70773171	70773338	14	1357	1524	70773171	70773338	0	0
ENSSSCG00000013604	ENSSSCT00000014859	ENSSSCP00000014458	1	ENSSSCE00000161725	70774688	70774773	15	1525	1610	70774688	70774773	0	2
ENSSSCG00000013604	ENSSSCT00000014859	ENSSSCP00000014458	1	ENSSSCE00000207614	70778754	70778835	16	1611	1692	70778754	70778835	2	0
ENSSSCG00000013604	ENSSSCT00000014859	ENSSSCP00000014458	1	ENSSSCE00000119264	70780460	70780566	17	1693	1799	70780460	70780566	0	2
ENSSSCG00000013604	ENSSSCT00000014859	ENSSSCP00000014458	1	ENSSSCE00000119265	70781351	70781449	18	1800	1898	70781351	70781449	2	2
ENSSSCG00000013604	ENSSSCT00000014859	ENSSSCP00000014458	1	ENSSSCE00000119266	70781548	70781692	19	1899	2043	70781548	70781692	2	0
ENSSSCG00000013604	ENSSSCT00000014859	ENSSSCP00000014458	1	ENSSSCE00000119267	70787804	70787918	20	2044	2158	70787804	70787918	0	1
ENSSSCG00000013604	ENSSSCT00000014859	ENSSSCP00000014458	1	ENSSSCE00000119268	70788013	70788182	21	2159	2328	70788013	70788182	1	0
ENSSSCG00000013604	ENSSSCT00000014859	ENSSSCP00000014458	1	ENSSSCE00000119269	70788948	70789093	22	2329	2474	70788948	70789093	0	2
ENSSSCG00000013604	ENSSSCT00000014859	ENSSSCP00000014458	1	ENSSSCE00000119270	70789464	70789610	23	2475	2621	70789464	70789610	2	2
ENSSSCG00000013604	ENSSSCT00000014859	ENSSSCP00000014458	1	ENSSSCE00000119271	70789791	70789939	24	2622	2770	70789791	70789939	2	1
ENSSSCG00000013604	ENSSSCT00000014859	ENSSSCP00000014458	1	ENSSSCE00000119272	70790436	70790519	25	2771	2854	70790436	70790519	1	1
ENSSSCG00000013604	ENSSSCT00000014859	ENSSSCP00000014458	1	ENSSSCE00000119279	70791108	70791303	26	2855	3050	70791108	70791303	1	2
ENSSSCG00000013604	ENSSSCT00000014859	ENSSSCP00000014458	1	ENSSSCE00000119276	70791380	70791549	27	3051	3220	70791380	70791549	2	1
ENSSSCG00000013604	ENSSSCT00000014859	ENSSSCP00000014458	1	ENSSSCE00000301909	70792482	70796745	28	3221	3297	70792482	70792558	1	-1
ENSMODG00000003610	ENSMODT00000004512	ENSMODP00000004417	1	ENSMODE00000038369	460270109	460270255	1	1	147	460270109	460270255	0	0
ENSMODG00000003610	ENSMODT00000004512	ENSMODP00000004417	1	ENSMODE00000038371	460271736	460271825	2	148	237	460271736	460271825	0	0
ENSMODG00000003610	ENSMODT00000004512	ENSMODP00000004417	1	ENSMODE00000038372	460272362	460272456	3	238	332	460272362	460272456	0	2
ENSMODG00000003610	ENSMODT00000004512	ENSMODP00000004417	1	ENSMODE00000038375	460272700	460272787	4	333	420	460272700	460272787	2	0
ENSMODG00000003610	ENSMODT00000004512	ENSMODP00000004417	1	ENSMODE00000038377	460274275	460274364	5	421	510	460274275	460274364	0	0
ENSMODG00000003610	ENSMODT00000004512	ENSMODP00000004417	1	ENSMODE00000038380	460275014	460275145	6	511	642	460275014	460275145	0	0
ENSMODG00000003610	ENSMODT00000004512	ENSMODP00000004417	1	ENSMODE00000038385	460276045	460276179	7	643	777	460276045	460276179	0	0
ENSMODG00000003610	ENSMODT00000004512	ENSMODP00000004417	1	ENSMODE00000038388	460276770	460276902	8	778	910	460276770	460276902	0	1
ENSMODG00000003610	ENSMODT00000004512	ENSMODP00000004417	1	ENSMODE00000038390	460277349	460277545	9	911	1107	460277349	460277545	1	0
ENSMODG00000003610	ENSMODT00000004512	ENSMODP00000004417	1	ENSMODE00000038393	460280235	460280315	10	1108	1188	460280235	460280315	0	0
ENSMODG00000003610	ENSMODT00000004512	ENSMODP00000004417	1	ENSMODE00000038398	460280539	460280625	11	1189	1275	460280539	460280625	0	0
ENSMODG00000003610	ENSMODT00000004512	ENSMODP00000004417	1	ENSMODE00000038401	460283347	460283433	12	1276	1362	460283347	460283433	0	0
ENSMODG00000003610	ENSMODT00000004512	ENSMODP00000004417	1	ENSMODE00000038406	460284207	460284374	13	1363	1530	460284207	460284374	0	0
ENSMODG00000003610	ENSMODT00000004512	ENSMODP00000004417	1	ENSMODE00000038410	460285748	460285833	14	1531	1616	460285748	460285833	0	2
ENSMODG00000003610	ENSMODT00000004512	ENSMODP00000004417	1	ENSMODE00000038412	460286144	460286225	15	1617	1698	460286144	460286225	2	0
ENSMODG00000003610	ENSMODT00000004512	ENSMODP00000004417	1	ENSMODE00000038415	460287566	460287672	16	1699	1805	460287566	460287672	0	2
ENSMODG00000003610	ENSMODT00000004512	ENSMODP00000004417	1	ENSMODE00000038419	460287884	460287982	17	1806	1904	460287884	460287982	2	2
ENSMODG00000003610	ENSMODT00000004512	ENSMODP00000004417	1	ENSMODE00000038421	460288251	460288395	18	1905	2049	460288251	460288395	2	0
ENSMODG00000003610	ENSMODT00000004512	ENSMODP00000004417	1	ENSMODE00000038422	460289015	460289129	19	2050	2164	460289015	460289129	0	1
ENSMODG00000003610	ENSMODT00000004512	ENSMODP00000004417	1	ENSMODE00000038424	460289224	460289393	20	2165	2334	460289224	460289393	1	0
ENSMODG00000003610	ENSMODT00000004512	ENSMODP00000004417	1	ENSMODE00000038426	460290280	460290425	21	2335	2480	460290280	460290425	0	2
ENSMODG00000003610	ENSMODT00000004512	ENSMODP00000004417	1	ENSMODE00000038428	460292532	460292678	22	2481	2627	460292532	460292678	2	2
ENSMODG00000003610	ENSMODT00000004512	ENSMODP00000004417	1	ENSMODE00000038430	460293460	460293608	23	2628	2776	460293460	460293608	2	1
ENSMODG00000003610	ENSMODT00000004512	ENSMODP00000004417	1	ENSMODE00000038432	460293846	460293923	24	2777	2854	460293846	460293923	1	1
ENSMODG00000003610	ENSMODT00000004512	ENSMODP00000004417	1	ENSMODE00000038480	460298933	460299128	25	2855	3050	460298933	460299128	1	2
ENSMODG00000003610	ENSMODT00000004512	ENSMODP00000004417	1	ENSMODE00000038442	460299392	460299561	26	3051	3220	460299392	460299561	2	1
ENSMODG00000003610	ENSMODT00000004512	ENSMODP00000004417	1	ENSMODE00000038446	460300107	460301008	27	3221	3297	460300107	460300183	1	-1
ENSXETG00000009509	ENSXETT00000020998	ENSXETP00000020998	-1	ENSXETE00000117915	911024	911161	1	1	138	911024	911161	0	0
ENSXETG00000009509	ENSXETT00000020998	ENSXETP00000020998	-1	ENSXETE00000117919	905484	905573	2	139	228	905484	905573	0	0
ENSXETG00000009509	ENSXETT00000020998	ENSXETP00000020998	-1	ENSXETE00000373138	905149	905243	3	229	323	905149	905243	0	2
ENSXETG00000009509	ENSXETT00000020998	ENSXETP00000020998	-1	ENSXETE00000117926	904609	904696	4	324	411	904609	904696	2	0
ENSXETG00000009509	ENSXETT00000020998	ENSXETP00000020998	-1	ENSXETE00000117927	904077	904166	5	412	501	904077	904166	0	0
ENSXETG00000009509	ENSXETT00000020998	ENSXETP00000020998	-1	ENSXETE00000117928	903443	903574	6	502	633	903443	903574	0	0
ENSXETG00000009509	ENSXETT00000020998	ENSXETP00000020998	-1	ENSXETE00000117929	903161	903295	7	634	768	903161	903295	0	0
ENSXETG00000009509	ENSXETT00000020998	ENSXETP00000020998	-1	ENSXETE00000117931	902905	903037	8	769	901	902905	903037	0	1
ENSXETG00000009509	ENSXETT00000020998	ENSXETP00000020998	-1	ENSXETE00000117933	901506	901702	9	902	1098	901506	901702	1	0
ENSXETG00000009509	ENSXETT00000020998	ENSXETP00000020998	-1	ENSXETE00000117934	901265	901345	10	1099	1179	901265	901345	0	0
ENSXETG00000009509	ENSXETT00000020998	ENSXETP00000020998	-1	ENSXETE00000382328	900648	900664	11	1180	1196	900648	900664	0	2
ENSXETG00000009509	ENSXETT00000020998	ENSXETP00000020998	-1	ENSXETE00000405958	899917	899959	12	1197	1239	899917	899959	2	0
ENSXETG00000009509	ENSXETT00000020998	ENSXETP00000020998	-1	ENSXETE00000365524	899832	899858	13	1240	1266	899832	899858	0	0
ENSXETG00000009509	ENSXETT00000020998	ENSXETP00000020998	-1	ENSXETE00000117936	897701	897787	14	1267	1353	897701	897787	0	0
ENSXETG00000009509	ENSXETT00000020998	ENSXETP00000020998	-1	ENSXETE00000117939	895280	895447	15	1354	1521	895280	895447	0	0
ENSXETG00000009509	ENSXETT00000020998	ENSXETP00000020998	-1	ENSXETE00000117940	894972	895057	16	1522	1607	894972	895057	0	2
ENSXETG00000009509	ENSXETT00000020998	ENSXETP00000020998	-1	ENSXETE00000117941	894528	894609	17	1608	1689	894528	894609	2	0
ENSXETG00000009509	ENSXETT00000020998	ENSXETP00000020998	-1	ENSXETE00000117942	893568	893674	18	1690	1796	893568	893674	0	2
ENSXETG00000009509	ENSXETT00000020998	ENSXETP00000020998	-1	ENSXETE00000117944	893380	893478	19	1797	1895	893380	893478	2	2
ENSXETG00000009509	ENSXETT00000020998	ENSXETP00000020998	-1	ENSXETE00000117945	892852	892996	20	1896	2040	892852	892996	2	0
ENSXETG00000009509	ENSXETT00000020998	ENSXETP00000020998	-1	ENSXETE00000117946	892465	892579	21	2041	2155	892465	892579	0	1
ENSXETG00000009509	ENSXETT00000020998	ENSXETP00000020998	-1	ENSXETE00000117947	890456	890625	22	2156	2325	890456	890625	1	0
ENSXETG00000009509	ENSXETT00000020998	ENSXETP00000020998	-1	ENSXETE00000117948	888791	888936	23	2326	2471	888791	888936	0	2
ENSXETG00000009509	ENSXETT00000020998	ENSXETP00000020998	-1	ENSXETE00000117950	887440	887586	24	2472	2618	887440	887586	2	2
ENSXETG00000009509	ENSXETT00000020998	ENSXETP00000020998	-1	ENSXETE00000117951	885517	885665	25	2619	2767	885517	885665	2	1
ENSXETG00000009509	ENSXETT00000020998	ENSXETP00000020998	-1	ENSXETE00000117952	884726	884806	26	2768	2848	884726	884806	1	1
ENSXETG00000009509	ENSXETT00000020998	ENSXETP00000020998	-1	ENSXETE00000117953	884448	884637	27	2849	3038	884448	884637	1	2
ENSXETG00000009509	ENSXETT00000020998	ENSXETP00000020998	-1	ENSXETE00000117954	883773	883942	28	3039	3208	883773	883942	2	1
ENSXETG00000009509	ENSXETT00000020998	ENSXETP00000020998	-1	ENSXETE00000117955	881978	882054	29	3209	3285	881978	882054	1	0
ENSDARG00000078734	ENSDART00000148304	ENSDARP00000116616	-1	ENSDARE00001326514	20291905	20291922	1	16	18	20291905	20291907	-1	0
ENSDARG00000078734	ENSDART00000148304	ENSDARP00000116616	-1	ENSDARE00000378603	20279050	20279181	2	19	150	20279050	20279181	0	0
ENSDARG00000078734	ENSDART00000148304	ENSDARP00000116616	-1	ENSDARE00000804306	20277457	20277546	3	151	240	20277457	20277546	0	0
ENSDARG00000078734	ENSDART00000148304	ENSDARP00000116616	-1	ENSDARE00000963497	20277254	20277348	4	241	335	20277254	20277348	0	2
ENSDARG00000078734	ENSDART00000148304	ENSDARP00000116616	-1	ENSDARE00000974452	20275888	20275975	5	336	423	20275888	20275975	2	0
ENSDARG00000078734	ENSDART00000148304	ENSDARP00000116616	-1	ENSDARE00000873406	20274519	20274608	6	424	513	20274519	20274608	0	0
ENSDARG00000078734	ENSDART00000148304	ENSDARP00000116616	-1	ENSDARE00000838148	20274299	20274430	7	514	645	20274299	20274430	0	0
ENSDARG00000078734	ENSDART00000148304	ENSDARP00000116616	-1	ENSDARE00000799649	20273798	20273932	8	646	780	20273798	20273932	0	0
ENSDARG00000078734	ENSDART00000148304	ENSDARP00000116616	-1	ENSDARE00000855956	20271363	20271495	9	781	913	20271363	20271495	0	1
ENSDARG00000078734	ENSDART00000148304	ENSDARP00000116616	-1	ENSDARE00000804291	20271090	20271286	10	914	1110	20271090	20271286	1	0
ENSDARG00000078734	ENSDART00000148304	ENSDARP00000116616	-1	ENSDARE00000832469	20269342	20269422	11	1111	1191	20269342	20269422	0	0
ENSDARG00000078734	ENSDART00000148304	ENSDARP00000116616	-1	ENSDARE00000825120	20268467	20268553	12	1192	1278	20268467	20268553	0	0
ENSDARG00000078734	ENSDART00000148304	ENSDARP00000116616	-1	ENSDARE00000893578	20268285	20268371	13	1279	1365	20268285	20268371	0	0
ENSDARG00000078734	ENSDART00000148304	ENSDARP00000116616	-1	ENSDARE00000870013	20268028	20268195	14	1366	1533	20268028	20268195	0	0
ENSDARG00000078734	ENSDART00000148304	ENSDARP00000116616	-1	ENSDARE00000847517	20264724	20264809	15	1534	1619	20264724	20264809	0	2
ENSDARG00000078734	ENSDART00000148304	ENSDARP00000116616	-1	ENSDARE00000813271	20264373	20264454	16	1620	1701	20264373	20264454	2	0
ENSDARG00000078734	ENSDART00000148304	ENSDARP00000116616	-1	ENSDARE00000851763	20264182	20264288	17	1702	1808	20264182	20264288	0	2
ENSDARG00000078734	ENSDART00000148304	ENSDARP00000116616	-1	ENSDARE00001032836	20264001	20264099	18	1809	1907	20264001	20264099	2	2
ENSDARG00000078734	ENSDART00000148304	ENSDARP00000116616	-1	ENSDARE00000783163	20260176	20260320	19	1908	2052	20260176	20260320	2	0
ENSDARG00000078734	ENSDART00000148304	ENSDARP00000116616	-1	ENSDARE00000800441	20259924	20260038	20	2053	2167	20259924	20260038	0	1
ENSDARG00000078734	ENSDART00000148304	ENSDARP00000116616	-1	ENSDARE00000865341	20259224	20259393	21	2168	2337	20259224	20259393	1	0
ENSDARG00000078734	ENSDART00000148304	ENSDARP00000116616	-1	ENSDARE00000796285	20258028	20258173	22	2338	2483	20258028	20258173	0	2
ENSDARG00000078734	ENSDART00000148304	ENSDARP00000116616	-1	ENSDARE00000832780	20254921	20255067	23	2484	2630	20254921	20255067	2	2
ENSDARG00000078734	ENSDART00000148304	ENSDARP00000116616	-1	ENSDARE00000841222	20254699	20254847	24	2631	2779	20254699	20254847	2	1
ENSDARG00000078734	ENSDART00000148304	ENSDARP00000116616	-1	ENSDARE00000824714	20254563	20254622	25	2780	2839	20254563	20254622	1	1
ENSDARG00000078734	ENSDART00000148304	ENSDARP00000116616	-1	ENSDARE00000842416	20252791	20253004	26	2840	3053	20252791	20253004	1	2
ENSDARG00000078734	ENSDART00000148304	ENSDARP00000116616	-1	ENSDARE00000879097	20251025	20251197	27	3054	3226	20251025	20251197	2	1
ENSDARG00000078734	ENSDART00000148304	ENSDARP00000116616	-1	ENSDARE00001016224	20250484	20250941	28	3227	3303	20250865	20250941	1	-1
