Species	GeneID_5p	TranscriptID_5p	ProteinID_5p	Strand_5p	ExonID_5p	ExonRegionStart_5p	ExonRegionEnd_5p	ExonRank_5p	cDNA_CodingStart_5p	cDNA_CodingEnd_5p	GenomicCodingStart_5p	GenomicCodingEnd_5p	StartPhase_5p	EndPhase_5p	start	end	strand	motif	total_uq	total_mm	ave_uq	num_exp	name_exp	uq_per_exp	mm_per_exp	GeneID_3p	TranscriptID_3p	ProteinID_3p	Strand_3p	ExonID_3p	ExonRegionStart_3p	ExonRegionEnd_3p	ExonRank_3p	cDNA_CodingStart_3p	cDNA_CodingEnd_3p	GenomicCodingStart_3p	GenomicCodingEnd_3p	StartPhase_3p	EndPhase_3p	chr
bos_taurus	ENSBTAG00000025597	ENSBTAT00000036098	ENSBTAP00000035962	1	ENSBTAE00000283284	43516788	43517380	2	427	1019	43516788	43517380	0	2	43517381	43517834	1	1	1	0	1.0	1	SRR594473	1	0	ENSBTAG00000025597	ENSBTAT00000036098	ENSBTAP00000035962	1	ENSBTAE00000283283	43517835	43518867	3	1020	2052	43517835	43518867	2	0	7
bos_taurus	ENSBTAG00000025597	ENSBTAT00000036098	ENSBTAP00000035962	1	ENSBTAE00000283282	43521754	43521899	4	2053	2198	43521754	43521899	0	2	43521900	43521983	1	1	5	0	1.25	4	SRR594473,SRR594481,SRR594491,SRR636934	1,1,1,2	0,0,0,0	ENSBTAG00000025597	ENSBTAT00000036098	ENSBTAP00000035962	1	ENSBTAE00000199573	43521984	43522099	5	2199	2314	43521984	43522099	2	1	7
bos_taurus	ENSBTAG00000025597	ENSBTAT00000036098	ENSBTAP00000035962	1	ENSBTAE00000199573	43521984	43522099	5	2199	2314	43521984	43522099	2	1	43522100	43522201	1	1	85	0	14.166666666666664	6	SRR594473,SRR594476,SRR594481,SRR594490,SRR594499,SRR636934	2,2,65,2,12,2	0,0,0,0,0,0	ENSBTAG00000025597	ENSBTAT00000036098	ENSBTAP00000035962	1	ENSBTAE00000283281	43522202	43522353	6	2315	2466	43522202	43522353	1	0	7
bos_taurus	ENSBTAG00000025597	ENSBTAT00000036098	ENSBTAP00000035962	1	ENSBTAE00000199573	43521984	43522099	5	2199	2314	43521984	43522099	2	1	43522100	43522262	1	1	5	0	5.0	1	SRR594481	5	0															7
bos_taurus	ENSBTAG00000025597	ENSBTAT00000036098	ENSBTAP00000035962	1	ENSBTAE00000283281	43522202	43522353	6	2315	2466	43522202	43522353	1	0	43522354	43522594	1	1	10	0	5.0	2	SRR594481,SRR594499	8,2	0,0															7
bos_taurus	ENSBTAG00000025597	ENSBTAT00000036098	ENSBTAP00000035962	1	ENSBTAE00000283281	43522202	43522353	6	2315	2466	43522202	43522353	1	0	43522354	43522657	1	1	268	0	33.5	8	SRR594473,SRR594476,SRR594481,SRR594482,SRR594490,SRR594497,SRR594499,SRR636934	4,2,193,2,18,4,44,1	0,0,0,0,0,0,0,0	ENSBTAG00000025597	ENSBTAT00000036098	ENSBTAP00000035962	1	ENSBTAE00000283280	43522658	43522822	7	2467	2631	43522658	43522822	0	0	7
bos_taurus	ENSBTAG00000025597	ENSBTAT00000036098	ENSBTAP00000035962	1	ENSBTAE00000283280	43522658	43522822	7	2467	2631	43522658	43522822	0	0	43522823	43522924	1	1	335	0	37.22222222222222	9	SRR594473,SRR594481,SRR594482,SRR594488,SRR594490,SRR594497,SRR594499,SRR636934,SRR636935	1,273,1,1,16,1,38,2,2	0,0,0,0,0,0,0,0,0	ENSBTAG00000025597	ENSBTAT00000036098	ENSBTAP00000035962	1	ENSBTAE00000283279	43522925	43522983	8	2632	2690	43522925	43522983	0	2	7
bos_taurus	ENSBTAG00000025597	ENSBTAT00000036098	ENSBTAP00000035962	1	ENSBTAE00000283279	43522925	43522983	8	2632	2690	43522925	43522983	0	2	43522984	43523133	1	1	2	0	2.0	1	SRR594481	2	0															7
bos_taurus	ENSBTAG00000025597	ENSBTAT00000036098	ENSBTAP00000035962	1	ENSBTAE00000283279	43522925	43522983	8	2632	2690	43522925	43522983	0	2	43522984	43523149	1	1	237	0	39.5	6	SRR594473,SRR594476,SRR594478,SRR594481,SRR594490,SRR594499	3,2,1,152,45,34	0,0,0,0,0,0	ENSBTAG00000025597	ENSBTAT00000036098	ENSBTAP00000035962	1	ENSBTAE00000283278	43523150	43523552	9	2691	3093	43523150	43523552	2	0	7
bos_taurus	ENSBTAG00000025597	ENSBTAT00000036098	ENSBTAP00000035962	1	ENSBTAE00000323322	43514607	43515032	1	1	426	43514607	43515032	0	0																										7
bos_taurus	ENSBTAG00000025597	ENSBTAT00000036098	ENSBTAP00000035962	1	ENSBTAE00000283283	43517835	43518867	3	1020	2052	43517835	43518867	2	0																										7
bos_taurus	ENSBTAG00000025597	ENSBTAT00000036098	ENSBTAP00000035962	1	ENSBTAE00000283278	43523150	43523552	9	2691	3093	43523150	43523552	2	0																										7
bos_taurus																										ENSBTAG00000025597	ENSBTAT00000036098	ENSBTAP00000035962	1	ENSBTAE00000323322	43514607	43515032	1	1	426	43514607	43515032	0	0	7
bos_taurus																										ENSBTAG00000025597	ENSBTAT00000036098	ENSBTAP00000035962	1	ENSBTAE00000283284	43516788	43517380	2	427	1019	43516788	43517380	0	2	7
bos_taurus																										ENSBTAG00000025597	ENSBTAT00000036098	ENSBTAP00000035962	1	ENSBTAE00000283282	43521754	43521899	4	2053	2198	43521754	43521899	0	2	7
homo_sapiens	ENSG00000116032	ENST00000234389	ENSP00000234389	1	ENSE00000769054	1000419	1000863	1	20	445	1000438	1000863	-1	0	1000864	1003129	1	1	8	0	1.6	5	ERR030879,ERR030896,SRR306852,SRR306857,SRR943359	1,4,1,1,1	0,0,0,0,0	ENSG00000116032	ENST00000234389	ENSP00000234389	1	ENSE00000769056	1003130	1003722	2	446	1038	1003130	1003722	0	2	19
homo_sapiens	ENSG00000116032	ENST00000234389	ENSP00000234389	1	ENSE00000769056	1003130	1003722	2	446	1038	1003130	1003722	0	2	1003723	1004520	1	1	18	0	3.6	5	ERR030879,ERR030896,ERR030901,SRR1721306,SRR306852	9,6,1,1,1	0,0,0,0,0	ENSG00000116032	ENST00000234389	ENSP00000234389	1	ENSE00000769058	1004521	1005553	3	1039	2071	1004521	1005553	2	0	19
homo_sapiens	ENSG00000116032	ENST00000234389	ENSP00000234389	1	ENSE00000769058	1004521	1005553	3	1039	2071	1004521	1005553	2	0	1005554	1007532	1	1	1	0	1.0	1	ERR030879	1	0															19
homo_sapiens	ENSG00000116032	ENST00000234389	ENSP00000234389	1	ENSE00000769058	1004521	1005553	3	1039	2071	1004521	1005553	2	0	1005554	1007627	1	1	17	0	2.4285714285714284	7	ERR030859,ERR030873,ERR030874,ERR030879,ERR030896,ERR030901,ERR030902	2,2,2,4,2,4,1	0,0,0,0,0,0,0	ENSG00000116032	ENST00000234389	ENSP00000234389	1	ENSE00000769060	1007628	1007773	4	2072	2217	1007628	1007773	0	2	19
homo_sapiens	ENSG00000116032	ENST00000234389	ENSP00000234389	1	ENSE00000769060	1007628	1007773	4	2072	2217	1007628	1007773	0	2	1007774	1007855	1	1	34	0	2.2666666666666666	15	ERR030858,ERR030860,ERR030861,ERR030864,ERR030866,ERR030867,ERR030874,ERR030879,ERR030896,ERR030901,ERR030902,SRR306852,SRR306858,SRR649362,SRR649364	1,1,1,1,2,1,8,2,2,7,2,3,1,1,1	0,0,0,0,0,0,0,0,0,0,0,0,0,0,0	ENSG00000116032	ENST00000234389	ENSP00000234389	1	ENSE00000769062	1007856	1007971	5	2218	2333	1007856	1007971	2	1	19
homo_sapiens	ENSG00000116032	ENST00000234389	ENSP00000234389	1	ENSE00000769062	1007856	1007971	5	2218	2333	1007856	1007971	2	1	1007972	1008139	1	1	68	0	2.72	25	ERR030856,ERR030857,ERR030858,ERR030859,ERR030860,ERR030864,ERR030865,ERR030866,ERR030873,ERR030874,ERR030879,ERR030882,ERR030889,ERR030896,ERR030901,ERR030902,ERR030903,SRR1721303,SRR1721305,SRR1721310,SRR306852,SRR306853,SRR306857,SRR306858,SRR649362	1,1,1,1,1,2,1,3,4,6,5,4,3,3,9,3,2,1,2,1,2,4,1,6,1	0,0,0,0,0,0,0,0,0,0,0,0,0,0,0,0,0,0,0,0,0,0,0,0,0	ENSG00000116032	ENST00000234389	ENSP00000234389	1	ENSE00000769063	1008140	1008291	6	2334	2485	1008140	1008291	1	0	19
homo_sapiens	ENSG00000116032	ENST00000234389	ENSP00000234389	1	ENSE00000769063	1008140	1008291	6	2334	2485	1008140	1008291	1	0	1008292	1008617	1	1	62	0	3.6470588235294112	17	ERR030864,ERR030865,ERR030866,ERR030873,ERR030874,ERR030879,ERR030881,ERR030882,ERR030890,ERR030896,ERR030901,ERR030902,SRR1721298,SRR1721303,SRR1721311,SRR306852,SRR306858	1,1,1,3,15,11,1,1,1,7,9,3,1,1,1,2,3	0,0,0,0,0,0,0,0,0,0,0,0,0,0,0,0,0	ENSG00000116032	ENST00000234389	ENSP00000234389	1	ENSE00000769064	1008618	1008782	7	2486	2650	1008618	1008782	0	0	19
homo_sapiens	ENSG00000116032	ENST00000234389	ENSP00000234389	1	ENSE00000769063	1008140	1008291	6	2334	2485	1008140	1008291	1	0	1008292	1008856	1	1	4	0	1.0	4	ERR030867,ERR030872,ERR030873,SRR306850	1,1,1,1	0,0,0,0	ENSG00000116032	ENST00000234389	ENSP00000234389	1	ENSE00000769065	1008857	1008927	8	2651	2721	1008857	1008927	0	2	19
homo_sapiens	ENSG00000116032	ENST00000234389	ENSP00000234389	1	ENSE00000769064	1008618	1008782	7	2486	2650	1008618	1008782	0	0	1008783	1008856	1	1	27	0	1.8	15	ERR030857,ERR030858,ERR030860,ERR030866,ERR030871,ERR030873,ERR030874,ERR030879,ERR030885,ERR030893,ERR030896,ERR030901,ERR030902,SRR306852,SRR306858	1,1,1,1,1,1,1,5,2,3,1,4,1,3,1	0,0,0,0,0,0,0,0,0,0,0,0,0,0,0	ENSG00000116032	ENST00000234389	ENSP00000234389	1	ENSE00000769065	1008857	1008927	8	2651	2721	1008857	1008927	0	2	19
homo_sapiens	ENSG00000116032	ENST00000234389	ENSP00000234389	1	ENSE00000769065	1008857	1008927	8	2651	2721	1008857	1008927	0	2	1008928	1009172	1	1	29	0	1.8125	16	ERR030857,ERR030866,ERR030869,ERR030871,ERR030873,ERR030874,ERR030879,ERR030896,ERR030901,ERR030902,SRR1721305,SRR1721306,SRR1721313,SRR306839,SRR306852,SRR306858	1,1,1,1,2,2,5,2,1,4,1,2,1,1,1,3	0,0,0,0,0,0,0,0,0,0,0,0,0,0,0,0	ENSG00000116032	ENST00000234389	ENSP00000234389	1	ENSE00001492453	1009173	1009732	9	2722	3151	1009173	1009602	2	-1	19
homo_sapiens	ENSG00000116032	ENST00000588335		1	ENSE00002921999	1004535	1004584	1					-1	-1	1004585	1004801	1	1	5	0	2.5	2	ERR030896,SRR649364	4,1	0,0	ENSG00000116032	ENST00000588335		1	ENSE00002772857	1004802	1005279	2					-1	-1	19
homo_sapiens															1005013	1005121	1	1	1	0	1.0	1	ERR030874	1	0															19
homo_sapiens															1005013	1005356	1	1	3	0	1.5	2	ERR030873,SRR306857	2,1	0,0															19
homo_sapiens	ENSG00000116032	ENST00000234389	ENSP00000234389	1	ENSE00001492453	1009173	1009732	9	2722	3151	1009173	1009602	2	-1																										19
homo_sapiens	ENSG00000116032	ENST00000588335		1	ENSE00002772857	1004802	1005279	2					-1	-1																										19
homo_sapiens																										ENSG00000116032	ENST00000234389	ENSP00000234389	1	ENSE00000769054	1000419	1000863	1	20	445	1000438	1000863	-1	0	19
homo_sapiens																										ENSG00000116032	ENST00000588335		1	ENSE00002921999	1004535	1004584	1					-1	-1	19
gorilla_gorilla	ENSGGOG00000011208	ENSGGOT00000011252	ENSGGOP00000010928	1	ENSGGOE00000114730	788781	789813	3	825	1857	788781	789813	2	0	789814	792093	1	1	1	0	1.0	1	SRR306806	1	0	ENSGGOG00000011208	ENSGGOT00000011252	ENSGGOP00000010928	1	ENSGGOE00000114738	792094	792239	4	1858	2003	792094	792239	0	2	19
gorilla_gorilla	ENSGGOG00000011208	ENSGGOT00000011252	ENSGGOP00000010928	1	ENSGGOE00000114738	792094	792239	4	1858	2003	792094	792239	0	2	792240	792315	1	1	2	0	2.0	1	SRR306806	2	0	ENSGGOG00000011208	ENSGGOT00000011252	ENSGGOP00000010928	1	ENSGGOE00000114745	792316	792431	5	2004	2119	792316	792431	2	1	19
gorilla_gorilla	ENSGGOG00000011208	ENSGGOT00000011252	ENSGGOP00000010928	1	ENSGGOE00000114745	792316	792431	5	2004	2119	792316	792431	2	1	792432	792599	1	1	32	0	6.4	5	SRR306806,SRR306807,SRR306810,SRR649366,SRR649367	2,1,5,11,13	0,0,0,0,0	ENSGGOG00000011208	ENSGGOT00000011252	ENSGGOP00000010928	1	ENSGGOE00000196508	792600	792651	6	2120	2171	792600	792651	1	2	19
gorilla_gorilla	ENSGGOG00000011208	ENSGGOT00000011252	ENSGGOP00000010928	1	ENSGGOE00000114759	793021	793243	7	2172	2394	793021	793243	2	0	793244	793317	1	1	4	0	1.333333333333333	3	SRR306804,SRR649365,SRR649367	1,1,2	0,0,0	ENSGGOG00000011208	ENSGGOT00000011252	ENSGGOP00000010928	1	ENSGGOE00000114765	793318	793388	8	2395	2465	793318	793388	0	2	19
gorilla_gorilla	ENSGGOG00000011208	ENSGGOT00000011252	ENSGGOP00000010928	1	ENSGGOE00000114765	793318	793388	8	2395	2465	793318	793388	0	2	793389	793639	1	1	8	0	2.666666666666666	3	SRR306810,SRR649366,SRR649367	2,3,3	0,0,0	ENSGGOG00000011208	ENSGGOT00000011252	ENSGGOP00000010928	1	ENSGGOE00000355298	793640	793793	9	2466	2619	793640	793793	2	0	19
gorilla_gorilla	ENSGGOG00000011208	ENSGGOT00000011252	ENSGGOP00000010928	1	ENSGGOE00000355298	793640	793793	9	2466	2619	793640	793793	2	0	793794	793805	1	3	5	2	1.6666666666666667	3	SRR306810,SRR649366,SRR649367	1,2,2	0,1,1	ENSGGOG00000011208	ENSGGOT00000011252	ENSGGOP00000010928	1	ENSGGOE00000114771	793806	794078	10	2620	2892	793806	794078	0	0	19
gorilla_gorilla															790126	790910	1	1	1	0	1.0	1	SRR649366	1	0															19
gorilla_gorilla															790207	790332	1	3	0	1	0.0	1	SRR306810	0	1															19
gorilla_gorilla															792081	793489	1	1	1	0	1.0	1	SRR649366	1	0															19
gorilla_gorilla	ENSGGOG00000011208	ENSGGOT00000011252	ENSGGOP00000010928	1	ENSGGOE00000114716	784887	785618	1	1	732	784887	785618	0	0																										19
gorilla_gorilla	ENSGGOG00000011208	ENSGGOT00000011252	ENSGGOP00000010928	1	ENSGGOE00000332896	787905	787996	2	733	824	787905	787996	0	2																										19
gorilla_gorilla	ENSGGOG00000011208	ENSGGOT00000011252	ENSGGOP00000010928	1	ENSGGOE00000196508	792600	792651	6	2120	2171	792600	792651	1	2																										19
gorilla_gorilla	ENSGGOG00000011208	ENSGGOT00000011252	ENSGGOP00000010928	1	ENSGGOE00000114771	793806	794078	10	2620	2892	793806	794078	0	0																										19
gorilla_gorilla																										ENSGGOG00000011208	ENSGGOT00000011252	ENSGGOP00000010928	1	ENSGGOE00000114716	784887	785618	1	1	732	784887	785618	0	0	19
gorilla_gorilla																										ENSGGOG00000011208	ENSGGOT00000011252	ENSGGOP00000010928	1	ENSGGOE00000332896	787905	787996	2	733	824	787905	787996	0	2	19
gorilla_gorilla																										ENSGGOG00000011208	ENSGGOT00000011252	ENSGGOP00000010928	1	ENSGGOE00000114730	788781	789813	3	825	1857	788781	789813	2	0	19
gorilla_gorilla																										ENSGGOG00000011208	ENSGGOT00000011252	ENSGGOP00000010928	1	ENSGGOE00000114759	793021	793243	7	2172	2394	793021	793243	2	0	19
macaca_mulatta															774615	777161	1	1	20	0	1.818181818181818	11	SRR1051662,SRR1051663,SRR306777,SRR594453,SRR594455,SRR594456,SRR594457,SRR594458,SRR594459,SRR594462,SRR649368	1,1,1,1,1,1,2,6,1,1,4	0,0,0,0,0,0,0,0,0,0,0															19
macaca_mulatta															777755	778534	1	1	15	0	1.25	12	SRR1051572,SRR1051626,SRR306779,SRR306783,SRR594453,SRR594456,SRR594457,SRR594458,SRR594462,SRR594463,SRR594471,SRR649370	1,1,1,1,1,2,2,1,1,2,1,1	0,0,0,0,0,0,0,0,0,0,0,0															19
macaca_mulatta															779027	779135	1	1	2	0	2.0	1	SRR594470	2	0															19
macaca_mulatta															779027	779370	1	1	1	0	1.0	1	SRR594463	1	0															19
macaca_mulatta															779568	780478	1	1	1	0	1.0	1	SRR594455	1	0															19
macaca_mulatta															779568	780773	1	1	2	0	2.0	1	SRR594455	2	0															19
macaca_mulatta															779568	781094	1	1	1	0	1.0	1	SRR306790	1	0															19
macaca_mulatta															779568	781832	1	1	1	0	1.0	1	SRR594455	1	0															19
macaca_mulatta															779568	781927	1	1	48	0	2.8235294117647056	17	SRR1051573,SRR1051640,SRR1051663,SRR306782,SRR306784,SRR306789,SRR594446,SRR594449,SRR594455,SRR594456,SRR594457,SRR594458,SRR594460,SRR594461,SRR594462,SRR594463,SRR594467	1,1,1,2,2,1,1,1,6,2,1,17,2,2,1,5,2	0,0,0,0,0,0,0,0,0,0,0,0,0,0,0,0,0															19
macaca_mulatta															780895	781927	1	1	1	0	1.0	1	SRR594455	1	0															19
macaca_mulatta															782074	782149	1	1	61	0	2.652173913043478	23	SRR1051541,SRR1051571,SRR1051664,SRR306782,SRR306783,SRR306789,SRR594446,SRR594454,SRR594455,SRR594456,SRR594457,SRR594458,SRR594459,SRR594460,SRR594461,SRR594462,SRR594463,SRR594464,SRR594465,SRR594467,SRR649368,SRR649369,SRR649370	1,1,1,1,1,2,1,2,6,6,2,12,1,3,2,2,6,1,1,2,2,4,1	0,0,0,0,0,0,0,0,0,0,0,0,0,0,0,0,0,0,0,0,0,0,0															19
macaca_mulatta															782266	782433	1	1	30	0	2.0	15	SRR1051540,SRR306783,SRR306784,SRR306789,SRR306790,SRR594454,SRR594456,SRR594457,SRR594458,SRR594460,SRR594461,SRR594462,SRR594463,SRR594469,SRR649369	1,1,2,1,3,2,1,1,3,1,1,1,8,2,2	0,0,0,0,0,0,0,0,0,0,0,0,0,0,0															19
macaca_mulatta															782266	782494	1	1	1	0	1.0	1	SRR594463	1	0															19
macaca_mulatta	ENSMMUG00000048135	ENSMMUT00000061210	ENSMMUP00000050738	1	ENSMMUE00000416220	773116	773552	1	1	437	773116	773552	0	2																										19
macaca_mulatta	ENSMMUG00000048135	ENSMMUT00000061210	ENSMMUP00000050738	1	ENSMMUE00000428356	775997	776175	2	438	616	775997	776175	2	1																										19
macaca_mulatta	ENSMMUG00000048135	ENSMMUT00000061210	ENSMMUP00000050738	1	ENSMMUE00000412855	776208	776294	3	617	703	776208	776294	1	1																										19
macaca_mulatta	ENSMMUG00000048135	ENSMMUT00000061210	ENSMMUP00000050738	1	ENSMMUE00000383570	776319	776580	4	704	965	776319	776580	1	2																										19
macaca_mulatta	ENSMMUG00000048135	ENSMMUT00000061210	ENSMMUP00000050738	1	ENSMMUE00000359556	777288	778320	5	966	1998	777288	778320	2	0																										19
macaca_mulatta	ENSMMUG00000048135	ENSMMUT00000061210	ENSMMUP00000050738	1	ENSMMUE00000397208	780679	780824	6	1999	2144	780679	780824	0	2																										19
macaca_mulatta	ENSMMUG00000048135	ENSMMUT00000061210	ENSMMUP00000050738	1	ENSMMUE00000399483	780923	781038	7	2145	2260	780923	781038	2	1																										19
macaca_mulatta	ENSMMUG00000048135	ENSMMUT00000061210	ENSMMUP00000050738	1	ENSMMUE00000373322	781207	781358	8	2261	2412	781207	781358	1	0																										19
macaca_mulatta	ENSMMUG00000048135	ENSMMUT00000061210	ENSMMUP00000050738	1	ENSMMUE00000358163	781671	781882	9	2413	2624	781671	781882	0	2																										19
macaca_mulatta	ENSMMUG00000048135	ENSMMUT00000061210	ENSMMUP00000050738	1	ENSMMUE00000384603	781910	781919	10	2625	2634	781910	781919	2	0																										19
macaca_mulatta	ENSMMUG00000048135	ENSMMUT00000061210	ENSMMUP00000050738	1	ENSMMUE00000376882	782221	782667	11	2635	3081	782221	782667	0	0																										19
macaca_mulatta																										ENSMMUG00000048135	ENSMMUT00000061210	ENSMMUP00000050738	1	ENSMMUE00000416220	773116	773552	1	1	437	773116	773552	0	2	19
macaca_mulatta																										ENSMMUG00000048135	ENSMMUT00000061210	ENSMMUP00000050738	1	ENSMMUE00000428356	775997	776175	2	438	616	775997	776175	2	1	19
macaca_mulatta																										ENSMMUG00000048135	ENSMMUT00000061210	ENSMMUP00000050738	1	ENSMMUE00000412855	776208	776294	3	617	703	776208	776294	1	1	19
macaca_mulatta																										ENSMMUG00000048135	ENSMMUT00000061210	ENSMMUP00000050738	1	ENSMMUE00000383570	776319	776580	4	704	965	776319	776580	1	2	19
macaca_mulatta																										ENSMMUG00000048135	ENSMMUT00000061210	ENSMMUP00000050738	1	ENSMMUE00000359556	777288	778320	5	966	1998	777288	778320	2	0	19
macaca_mulatta																										ENSMMUG00000048135	ENSMMUT00000061210	ENSMMUP00000050738	1	ENSMMUE00000397208	780679	780824	6	1999	2144	780679	780824	0	2	19
macaca_mulatta																										ENSMMUG00000048135	ENSMMUT00000061210	ENSMMUP00000050738	1	ENSMMUE00000399483	780923	781038	7	2145	2260	780923	781038	2	1	19
macaca_mulatta																										ENSMMUG00000048135	ENSMMUT00000061210	ENSMMUP00000050738	1	ENSMMUE00000373322	781207	781358	8	2261	2412	781207	781358	1	0	19
macaca_mulatta																										ENSMMUG00000048135	ENSMMUT00000061210	ENSMMUP00000050738	1	ENSMMUE00000358163	781671	781882	9	2413	2624	781671	781882	0	2	19
macaca_mulatta																										ENSMMUG00000048135	ENSMMUT00000061210	ENSMMUP00000050738	1	ENSMMUE00000384603	781910	781919	10	2625	2634	781910	781919	2	0	19
macaca_mulatta																										ENSMMUG00000048135	ENSMMUT00000061210	ENSMMUP00000050738	1	ENSMMUE00000376882	782221	782667	11	2635	3081	782221	782667	0	0	19
monodelphis_domestica	ENSMODG00000005656	ENSMODT00000007148	ENSMODP00000007008	-1	ENSMODE00000060062	457942778	457942866	12	3195	3283	457942778	457942866	0	2	457942867	457943134	2	2	165	0	11.0	15	SRR306742,SRR306743,SRR306744,SRR306751,SRR306752,SRR306753,SRR306754,SRR306755,SRR306756,SRR649376,SRR649377,SRR649379,SRR649380,SRR943346,SRR943347	1,1,1,4,4,5,2,6,9,6,10,60,48,7,1	0,0,0,0,0,0,0,0,0,0,0,0,0,0,0	ENSMODG00000005656	ENSMODT00000007148	ENSMODP00000007008	-1	ENSMODE00000060061	457943135	457943299	11	3030	3194	457943135	457943299	0	0	3
monodelphis_domestica	ENSMODG00000005656	ENSMODT00000007148	ENSMODP00000007008	-1	ENSMODE00000060061	457943135	457943299	11	3030	3194	457943135	457943299	0	0	457943300	457945678	2	2	66	0	3.882352941176471	17	SRR306742,SRR306743,SRR306746,SRR306749,SRR306750,SRR306751,SRR306752,SRR306753,SRR306754,SRR306755,SRR306756,SRR649376,SRR649377,SRR649379,SRR649380,SRR943346,SRR943348	1,2,2,1,2,6,2,6,3,12,14,1,1,3,5,4,1	0,0,0,0,0,0,0,0,0,0,0,0,0,0,0,0,0	ENSMODG00000005656	ENSMODT00000007148	ENSMODP00000007008	-1	ENSMODE00000060057	457945679	457945833	10	2875	3029	457945679	457945833	1	0	3
monodelphis_domestica	ENSMODG00000005656	ENSMODT00000007148	ENSMODP00000007008	-1	ENSMODE00000060050	457949121	457949220	4	2613	2712	457949121	457949220	0	1	457949221	457949308	2	2	18	0	2.0	9	SRR306743,SRR306747,SRR306751,SRR306752,SRR306753,SRR306754,SRR306755,SRR306756,SRR649377	1,1,2,2,2,1,3,5,1	0,0,0,0,0,0,0,0,0	ENSMODG00000005656	ENSMODT00000007148	ENSMODP00000007008	-1	ENSMODE00000060048	457949309	457950383	3	1538	2612	457949309	457950383	2	0	3
monodelphis_domestica	ENSMODG00000005656	ENSMODT00000007148	ENSMODP00000007008	-1	ENSMODE00000060048	457949309	457950383	3	1538	2612	457949309	457950383	2	0	457950384	457952026	2	2	37	0	2.8461538461538463	13	SRR306742,SRR306743,SRR306747,SRR306748,SRR306750,SRR306751,SRR306752,SRR306753,SRR306755,SRR306756,SRR649379,SRR649380,SRR943346	1,1,1,1,1,2,2,2,4,2,7,7,6	0,0,0,0,0,0,0,0,0,0,0,0,0	ENSMODG00000005656	ENSMODT00000007148	ENSMODP00000007008	-1	ENSMODE00000060044	457952027	457952598	2	966	1537	457952027	457952598	0	2	3
monodelphis_domestica	ENSMODG00000005656	ENSMODT00000007148	ENSMODP00000007008	-1	ENSMODE00000060044	457952027	457952598	2	966	1537	457952027	457952598	0	2	457952599	457957913	2	2	40	0	3.0769230769230766	13	SRR306742,SRR306743,SRR306745,SRR306751,SRR306752,SRR306753,SRR306754,SRR306755,SRR306756,SRR649379,SRR649380,SRR943346,SRR943347	1,2,1,5,2,1,4,7,3,5,5,3,1	0,0,0,0,0,0,0,0,0,0,0,0,0	ENSMODG00000005656	ENSMODT00000007148	ENSMODP00000007008	-1	ENSMODE00000060042	457957914	457958878	1	486	965	457957914	457958393	-1	0	3
monodelphis_domestica															457942584	457942786	2	2	82	0	5.857142857142857	14	SRR306743,SRR306750,SRR306751,SRR306752,SRR306753,SRR306754,SRR306755,SRR306756,SRR649376,SRR649377,SRR649379,SRR649380,SRR943346,SRR943347	2,6,3,2,2,4,4,8,1,4,11,26,8,1	0,0,0,0,0,0,0,0,0,0,0,0,0,0															3
monodelphis_domestica															457945408	457945678	2	2	1	0	1.0	1	SRR306752	1	0	ENSMODG00000005656	ENSMODT00000007148	ENSMODP00000007008	-1	ENSMODE00000060057	457945679	457945833	10	2875	3029	457945679	457945833	1	0	3
monodelphis_domestica															457949706	457949849	2	2	13	0	1.4444444444444444	9	SRR306742,SRR306744,SRR306751,SRR306755,SRR306756,SRR649376,SRR649379,SRR649380,SRR943346	1,1,1,1,1,1,4,2,1	0,0,0,0,0,0,0,0,0															3
monodelphis_domestica	ENSMODG00000005656	ENSMODT00000007148	ENSMODP00000007008	-1	ENSMODE00000248384	457942226	457942589	13	3284	3647	457942226	457942589	2	0																										3
monodelphis_domestica	ENSMODG00000005656	ENSMODT00000007148	ENSMODP00000007008	-1	ENSMODE00000060057	457945679	457945833	10	2875	3029	457945679	457945833	1	0																										3
monodelphis_domestica	ENSMODG00000005656	ENSMODT00000007148	ENSMODP00000007008	-1	ENSMODE00000282637	457947603	457947639	9	2838	2874	457947603	457947639	0	1																										3
monodelphis_domestica	ENSMODG00000005656	ENSMODT00000007148	ENSMODP00000007008	-1	ENSMODE00000282018	457947750	457947777	8	2810	2837	457947750	457947777	2	0																										3
monodelphis_domestica	ENSMODG00000005656	ENSMODT00000007148	ENSMODP00000007008	-1	ENSMODE00000282934	457948317	457948351	7	2775	2809	457948317	457948351	0	2																										3
monodelphis_domestica	ENSMODG00000005656	ENSMODT00000007148	ENSMODP00000007008	-1	ENSMODE00000281895	457948465	457948490	6	2749	2774	457948465	457948490	1	0																										3
monodelphis_domestica	ENSMODG00000005656	ENSMODT00000007148	ENSMODP00000007008	-1	ENSMODE00000282076	457948646	457948681	5	2713	2748	457948646	457948681	1	1																										3
monodelphis_domestica	ENSMODG00000005656	ENSMODT00000007148	ENSMODP00000007008	-1	ENSMODE00000060042	457957914	457958878	1	486	965	457957914	457958393	-1	0																										3
monodelphis_domestica																										ENSMODG00000005656	ENSMODT00000007148	ENSMODP00000007008	-1	ENSMODE00000248384	457942226	457942589	13	3284	3647	457942226	457942589	2	0	3
monodelphis_domestica																										ENSMODG00000005656	ENSMODT00000007148	ENSMODP00000007008	-1	ENSMODE00000060062	457942778	457942866	12	3195	3283	457942778	457942866	0	2	3
monodelphis_domestica																										ENSMODG00000005656	ENSMODT00000007148	ENSMODP00000007008	-1	ENSMODE00000282637	457947603	457947639	9	2838	2874	457947603	457947639	0	1	3
monodelphis_domestica																										ENSMODG00000005656	ENSMODT00000007148	ENSMODP00000007008	-1	ENSMODE00000282018	457947750	457947777	8	2810	2837	457947750	457947777	2	0	3
monodelphis_domestica																										ENSMODG00000005656	ENSMODT00000007148	ENSMODP00000007008	-1	ENSMODE00000282934	457948317	457948351	7	2775	2809	457948317	457948351	0	2	3
monodelphis_domestica																										ENSMODG00000005656	ENSMODT00000007148	ENSMODP00000007008	-1	ENSMODE00000281895	457948465	457948490	6	2749	2774	457948465	457948490	1	0	3
monodelphis_domestica																										ENSMODG00000005656	ENSMODT00000007148	ENSMODP00000007008	-1	ENSMODE00000282076	457948646	457948681	5	2713	2748	457948646	457948681	1	1	3
monodelphis_domestica																										ENSMODG00000005656	ENSMODT00000007148	ENSMODP00000007008	-1	ENSMODE00000060050	457949121	457949220	4	2613	2712	457949121	457949220	0	1	3
mus_musculus	ENSMUSG00000035745	ENSMUST00000045085	ENSMUSP00000048576	1	ENSMUSE00000400749	79970715	79971325	1	186	611	79970900	79971325	-1	0	79971326	79971729	1	1	1	0	1.0	1	SRR306765	1	0															10
mus_musculus	ENSMUSG00000035745	ENSMUST00000045085	ENSMUSP00000048576	1	ENSMUSE00000400749	79970715	79971325	1	186	611	79970900	79971325	-1	0	79971326	79972843	1	1	22	0	2.0	11	ERR032227,ERR032231,SRR306764,SRR579545,SRR579546,SRR594397,SRR594399,SRR594413,SRR636869,SRR636962,SRR850576	2,1,2,5,5,1,2,1,1,1,1	0,0,0,0,0,0,0,0,0,0,0	ENSMUSG00000035745	ENSMUST00000045085	ENSMUSP00000048576	1	ENSMUSE00000314256	79972844	79973436	2	612	1204	79972844	79973436	0	2	10
mus_musculus	ENSMUSG00000035745	ENSMUST00000045085	ENSMUSP00000048576	1	ENSMUSE00000314256	79972844	79973436	2	612	1204	79972844	79973436	0	2	79973437	79973680	1	1	35	0	1.6666666666666667	21	ERR032227,ERR032233,SRR306763,SRR306764,SRR306765,SRR306767,SRR306770,SRR306771,SRR496232,SRR579545,SRR579546,SRR579549,SRR594396,SRR594399,SRR594401,SRR594402,SRR594404,SRR594415,SRR636868,SRR636963,SRR649372	1,1,1,1,2,1,1,1,1,7,6,1,2,1,1,1,2,1,1,1,1	0,0,0,0,0,0,0,0,0,0,0,0,0,0,0,0,0,0,0,0,0	ENSMUSG00000035745	ENSMUST00000045085	ENSMUSP00000048576	1	ENSMUSE00000314250	79973681	79974713	3	1205	2237	79973681	79974713	2	0	10
mus_musculus	ENSMUSG00000035745	ENSMUST00000045085	ENSMUSP00000048576	1	ENSMUSE00000314250	79973681	79974713	3	1205	2237	79973681	79974713	2	0	79974714	79974958	1	1	16	0	3.2	5	SRR594396,SRR594401,SRR594409,SRR652252,SRR652254	1,3,10,1,1	0,0,0,0,0															10
mus_musculus	ENSMUSG00000035745	ENSMUST00000149148	ENSMUSP00000116887	1	ENSMUSE00000833103	79973737	79974713	1	1	977	79973737	79974713	1	0	79974714	79974958	1	1	16	0	3.2	5	SRR594396,SRR594401,SRR594409,SRR652252,SRR652254	1,3,10,1,1	0,0,0,0,0															10
mus_musculus	ENSMUSG00000035745	ENSMUST00000131816	ENSMUSP00000122984	1	ENSMUSE00000758847	79974409	79974713	1	1	305	79974409	79974713	1	0	79974714	79974958	1	1	16	0	3.2	5	SRR594396,SRR594401,SRR594409,SRR652252,SRR652254	1,3,10,1,1	0,0,0,0,0															10
mus_musculus	ENSMUSG00000035745	ENSMUST00000045085	ENSMUSP00000048576	1	ENSMUSE00000314250	79973681	79974713	3	1205	2237	79973681	79974713	2	0	79974714	79974962	1	1	50	0	5.555555555555555	9	ERR032225,SRR594396,SRR594397,SRR594401,SRR594405,SRR594409,SRR594418,SRR649375,SRR652252	1,1,1,14,1,28,1,2,1	0,0,0,0,0,0,0,0,0															10
mus_musculus	ENSMUSG00000035745	ENSMUST00000149148	ENSMUSP00000116887	1	ENSMUSE00000833103	79973737	79974713	1	1	977	79973737	79974713	1	0	79974714	79974962	1	1	50	0	5.555555555555555	9	ERR032225,SRR594396,SRR594397,SRR594401,SRR594405,SRR594409,SRR594418,SRR649375,SRR652252	1,1,1,14,1,28,1,2,1	0,0,0,0,0,0,0,0,0															10
mus_musculus	ENSMUSG00000035745	ENSMUST00000131816	ENSMUSP00000122984	1	ENSMUSE00000758847	79974409	79974713	1	1	305	79974409	79974713	1	0	79974714	79974962	1	1	50	0	5.555555555555555	9	ERR032225,SRR594396,SRR594397,SRR594401,SRR594405,SRR594409,SRR594418,SRR649375,SRR652252	1,1,1,14,1,28,1,2,1	0,0,0,0,0,0,0,0,0															10
mus_musculus	ENSMUSG00000035745	ENSMUST00000045085	ENSMUSP00000048576	1	ENSMUSE00000314250	79973681	79974713	3	1205	2237	79973681	79974713	2	0	79974714	79975633	1	1	143	0	6.809523809523809	21	ERR032230,ERR032231,SRR306762,SRR306764,SRR306767,SRR306775,SRR306776,SRR579545,SRR579546,SRR579548,SRR594393,SRR594396,SRR594399,SRR594401,SRR594402,SRR594404,SRR594405,SRR594409,SRR594418,SRR636870,SRR652253	2,1,1,1,1,3,10,22,12,8,3,2,2,32,2,1,1,28,7,1,3	0,0,0,0,0,0,0,0,0,0,0,0,0,0,0,0,0,0,0,0,0	ENSMUSG00000035745	ENSMUST00000045085	ENSMUSP00000048576	1	ENSMUSE00000314246	79975634	79975779	4	2238	2383	79975634	79975779	0	2	10
mus_musculus	ENSMUSG00000035745	ENSMUST00000045085	ENSMUSP00000048576	1	ENSMUSE00000314250	79973681	79974713	3	1205	2237	79973681	79974713	2	0	79974714	79975633	1	1	143	0	6.809523809523809	21	ERR032230,ERR032231,SRR306762,SRR306764,SRR306767,SRR306775,SRR306776,SRR579545,SRR579546,SRR579548,SRR594393,SRR594396,SRR594399,SRR594401,SRR594402,SRR594404,SRR594405,SRR594409,SRR594418,SRR636870,SRR652253	2,1,1,1,1,3,10,22,12,8,3,2,2,32,2,1,1,28,7,1,3	0,0,0,0,0,0,0,0,0,0,0,0,0,0,0,0,0,0,0,0,0	ENSMUSG00000035745	ENSMUST00000149148	ENSMUSP00000116887	1	ENSMUSE00000314246	79975634	79975779	2	978	1123	79975634	79975779	0	2	10
mus_musculus	ENSMUSG00000035745	ENSMUST00000045085	ENSMUSP00000048576	1	ENSMUSE00000314250	79973681	79974713	3	1205	2237	79973681	79974713	2	0	79974714	79975633	1	1	143	0	6.809523809523809	21	ERR032230,ERR032231,SRR306762,SRR306764,SRR306767,SRR306775,SRR306776,SRR579545,SRR579546,SRR579548,SRR594393,SRR594396,SRR594399,SRR594401,SRR594402,SRR594404,SRR594405,SRR594409,SRR594418,SRR636870,SRR652253	2,1,1,1,1,3,10,22,12,8,3,2,2,32,2,1,1,28,7,1,3	0,0,0,0,0,0,0,0,0,0,0,0,0,0,0,0,0,0,0,0,0	ENSMUSG00000035745	ENSMUST00000131816	ENSMUSP00000122984	1	ENSMUSE00000314246	79975634	79975779	2	306	451	79975634	79975779	0	2	10
mus_musculus	ENSMUSG00000035745	ENSMUST00000149148	ENSMUSP00000116887	1	ENSMUSE00000833103	79973737	79974713	1	1	977	79973737	79974713	1	0	79974714	79975633	1	1	143	0	6.809523809523809	21	ERR032230,ERR032231,SRR306762,SRR306764,SRR306767,SRR306775,SRR306776,SRR579545,SRR579546,SRR579548,SRR594393,SRR594396,SRR594399,SRR594401,SRR594402,SRR594404,SRR594405,SRR594409,SRR594418,SRR636870,SRR652253	2,1,1,1,1,3,10,22,12,8,3,2,2,32,2,1,1,28,7,1,3	0,0,0,0,0,0,0,0,0,0,0,0,0,0,0,0,0,0,0,0,0	ENSMUSG00000035745	ENSMUST00000045085	ENSMUSP00000048576	1	ENSMUSE00000314246	79975634	79975779	4	2238	2383	79975634	79975779	0	2	10
mus_musculus	ENSMUSG00000035745	ENSMUST00000149148	ENSMUSP00000116887	1	ENSMUSE00000833103	79973737	79974713	1	1	977	79973737	79974713	1	0	79974714	79975633	1	1	143	0	6.809523809523809	21	ERR032230,ERR032231,SRR306762,SRR306764,SRR306767,SRR306775,SRR306776,SRR579545,SRR579546,SRR579548,SRR594393,SRR594396,SRR594399,SRR594401,SRR594402,SRR594404,SRR594405,SRR594409,SRR594418,SRR636870,SRR652253	2,1,1,1,1,3,10,22,12,8,3,2,2,32,2,1,1,28,7,1,3	0,0,0,0,0,0,0,0,0,0,0,0,0,0,0,0,0,0,0,0,0	ENSMUSG00000035745	ENSMUST00000149148	ENSMUSP00000116887	1	ENSMUSE00000314246	79975634	79975779	2	978	1123	79975634	79975779	0	2	10
mus_musculus	ENSMUSG00000035745	ENSMUST00000149148	ENSMUSP00000116887	1	ENSMUSE00000833103	79973737	79974713	1	1	977	79973737	79974713	1	0	79974714	79975633	1	1	143	0	6.809523809523809	21	ERR032230,ERR032231,SRR306762,SRR306764,SRR306767,SRR306775,SRR306776,SRR579545,SRR579546,SRR579548,SRR594393,SRR594396,SRR594399,SRR594401,SRR594402,SRR594404,SRR594405,SRR594409,SRR594418,SRR636870,SRR652253	2,1,1,1,1,3,10,22,12,8,3,2,2,32,2,1,1,28,7,1,3	0,0,0,0,0,0,0,0,0,0,0,0,0,0,0,0,0,0,0,0,0	ENSMUSG00000035745	ENSMUST00000131816	ENSMUSP00000122984	1	ENSMUSE00000314246	79975634	79975779	2	306	451	79975634	79975779	0	2	10
mus_musculus	ENSMUSG00000035745	ENSMUST00000131816	ENSMUSP00000122984	1	ENSMUSE00000758847	79974409	79974713	1	1	305	79974409	79974713	1	0	79974714	79975633	1	1	143	0	6.809523809523809	21	ERR032230,ERR032231,SRR306762,SRR306764,SRR306767,SRR306775,SRR306776,SRR579545,SRR579546,SRR579548,SRR594393,SRR594396,SRR594399,SRR594401,SRR594402,SRR594404,SRR594405,SRR594409,SRR594418,SRR636870,SRR652253	2,1,1,1,1,3,10,22,12,8,3,2,2,32,2,1,1,28,7,1,3	0,0,0,0,0,0,0,0,0,0,0,0,0,0,0,0,0,0,0,0,0	ENSMUSG00000035745	ENSMUST00000045085	ENSMUSP00000048576	1	ENSMUSE00000314246	79975634	79975779	4	2238	2383	79975634	79975779	0	2	10
mus_musculus	ENSMUSG00000035745	ENSMUST00000131816	ENSMUSP00000122984	1	ENSMUSE00000758847	79974409	79974713	1	1	305	79974409	79974713	1	0	79974714	79975633	1	1	143	0	6.809523809523809	21	ERR032230,ERR032231,SRR306762,SRR306764,SRR306767,SRR306775,SRR306776,SRR579545,SRR579546,SRR579548,SRR594393,SRR594396,SRR594399,SRR594401,SRR594402,SRR594404,SRR594405,SRR594409,SRR594418,SRR636870,SRR652253	2,1,1,1,1,3,10,22,12,8,3,2,2,32,2,1,1,28,7,1,3	0,0,0,0,0,0,0,0,0,0,0,0,0,0,0,0,0,0,0,0,0	ENSMUSG00000035745	ENSMUST00000149148	ENSMUSP00000116887	1	ENSMUSE00000314246	79975634	79975779	2	978	1123	79975634	79975779	0	2	10
mus_musculus	ENSMUSG00000035745	ENSMUST00000131816	ENSMUSP00000122984	1	ENSMUSE00000758847	79974409	79974713	1	1	305	79974409	79974713	1	0	79974714	79975633	1	1	143	0	6.809523809523809	21	ERR032230,ERR032231,SRR306762,SRR306764,SRR306767,SRR306775,SRR306776,SRR579545,SRR579546,SRR579548,SRR594393,SRR594396,SRR594399,SRR594401,SRR594402,SRR594404,SRR594405,SRR594409,SRR594418,SRR636870,SRR652253	2,1,1,1,1,3,10,22,12,8,3,2,2,32,2,1,1,28,7,1,3	0,0,0,0,0,0,0,0,0,0,0,0,0,0,0,0,0,0,0,0,0	ENSMUSG00000035745	ENSMUST00000131816	ENSMUSP00000122984	1	ENSMUSE00000314246	79975634	79975779	2	306	451	79975634	79975779	0	2	10
mus_musculus	ENSMUSG00000035745	ENSMUST00000045085	ENSMUSP00000048576	1	ENSMUSE00000314250	79973681	79974713	3	1205	2237	79973681	79974713	2	0	79974714	79975652	1	1	5	0	1.25	4	SRR306776,SRR594409,SRR636961,SRR652253	1,1,1,2	0,0,0,0															10
mus_musculus	ENSMUSG00000035745	ENSMUST00000149148	ENSMUSP00000116887	1	ENSMUSE00000833103	79973737	79974713	1	1	977	79973737	79974713	1	0	79974714	79975652	1	1	5	0	1.25	4	SRR306776,SRR594409,SRR636961,SRR652253	1,1,1,2	0,0,0,0															10
mus_musculus	ENSMUSG00000035745	ENSMUST00000131816	ENSMUSP00000122984	1	ENSMUSE00000758847	79974409	79974713	1	1	305	79974409	79974713	1	0	79974714	79975652	1	1	5	0	1.25	4	SRR306776,SRR594409,SRR636961,SRR652253	1,1,1,2	0,0,0,0															10
mus_musculus	ENSMUSG00000035745	ENSMUST00000045085	ENSMUSP00000048576	1	ENSMUSE00000314246	79975634	79975779	4	2238	2383	79975634	79975779	0	2	79975780	79975860	1	1	264	0	8.0	33	ERR032231,ERR032237,ERR032238,SRR306764,SRR306765,SRR306766,SRR306770,SRR306775,SRR306776,SRR496224,SRR496226,SRR579545,SRR579546,SRR579549,SRR594393,SRR594396,SRR594397,SRR594399,SRR594401,SRR594404,SRR594405,SRR594407,SRR594409,SRR594417,SRR594418,SRR636916,SRR636962,SRR649375,SRR652252,SRR652253,SRR652254,SRR850585,SRR850587	2,1,1,2,2,1,1,4,10,1,1,6,2,1,2,7,1,2,123,4,2,1,51,2,7,1,1,6,2,9,6,1,1	0,0,0,0,0,0,0,0,0,0,0,0,0,0,0,0,0,0,0,0,0,0,0,0,0,0,0,0,0,0,0,0,0	ENSMUSG00000035745	ENSMUST00000045085	ENSMUSP00000048576	1	ENSMUSE00000574936	79975861	79975976	5	2384	2499	79975861	79975976	2	1	10
mus_musculus	ENSMUSG00000035745	ENSMUST00000045085	ENSMUSP00000048576	1	ENSMUSE00000314246	79975634	79975779	4	2238	2383	79975634	79975779	0	2	79975780	79975860	1	1	264	0	8.0	33	ERR032231,ERR032237,ERR032238,SRR306764,SRR306765,SRR306766,SRR306770,SRR306775,SRR306776,SRR496224,SRR496226,SRR579545,SRR579546,SRR579549,SRR594393,SRR594396,SRR594397,SRR594399,SRR594401,SRR594404,SRR594405,SRR594407,SRR594409,SRR594417,SRR594418,SRR636916,SRR636962,SRR649375,SRR652252,SRR652253,SRR652254,SRR850585,SRR850587	2,1,1,2,2,1,1,4,10,1,1,6,2,1,2,7,1,2,123,4,2,1,51,2,7,1,1,6,2,9,6,1,1	0,0,0,0,0,0,0,0,0,0,0,0,0,0,0,0,0,0,0,0,0,0,0,0,0,0,0,0,0,0,0,0,0	ENSMUSG00000035745	ENSMUST00000149148	ENSMUSP00000116887	1	ENSMUSE00000574936	79975861	79975976	3	1124	1239	79975861	79975976	2	1	10
mus_musculus	ENSMUSG00000035745	ENSMUST00000045085	ENSMUSP00000048576	1	ENSMUSE00000314246	79975634	79975779	4	2238	2383	79975634	79975779	0	2	79975780	79975860	1	1	264	0	8.0	33	ERR032231,ERR032237,ERR032238,SRR306764,SRR306765,SRR306766,SRR306770,SRR306775,SRR306776,SRR496224,SRR496226,SRR579545,SRR579546,SRR579549,SRR594393,SRR594396,SRR594397,SRR594399,SRR594401,SRR594404,SRR594405,SRR594407,SRR594409,SRR594417,SRR594418,SRR636916,SRR636962,SRR649375,SRR652252,SRR652253,SRR652254,SRR850585,SRR850587	2,1,1,2,2,1,1,4,10,1,1,6,2,1,2,7,1,2,123,4,2,1,51,2,7,1,1,6,2,9,6,1,1	0,0,0,0,0,0,0,0,0,0,0,0,0,0,0,0,0,0,0,0,0,0,0,0,0,0,0,0,0,0,0,0,0	ENSMUSG00000035745	ENSMUST00000131816	ENSMUSP00000122984	1	ENSMUSE00000574936	79975861	79975976	3	452	567	79975861	79975976	2	1	10
mus_musculus	ENSMUSG00000035745	ENSMUST00000149148	ENSMUSP00000116887	1	ENSMUSE00000314246	79975634	79975779	2	978	1123	79975634	79975779	0	2	79975780	79975860	1	1	264	0	8.0	33	ERR032231,ERR032237,ERR032238,SRR306764,SRR306765,SRR306766,SRR306770,SRR306775,SRR306776,SRR496224,SRR496226,SRR579545,SRR579546,SRR579549,SRR594393,SRR594396,SRR594397,SRR594399,SRR594401,SRR594404,SRR594405,SRR594407,SRR594409,SRR594417,SRR594418,SRR636916,SRR636962,SRR649375,SRR652252,SRR652253,SRR652254,SRR850585,SRR850587	2,1,1,2,2,1,1,4,10,1,1,6,2,1,2,7,1,2,123,4,2,1,51,2,7,1,1,6,2,9,6,1,1	0,0,0,0,0,0,0,0,0,0,0,0,0,0,0,0,0,0,0,0,0,0,0,0,0,0,0,0,0,0,0,0,0	ENSMUSG00000035745	ENSMUST00000045085	ENSMUSP00000048576	1	ENSMUSE00000574936	79975861	79975976	5	2384	2499	79975861	79975976	2	1	10
mus_musculus	ENSMUSG00000035745	ENSMUST00000149148	ENSMUSP00000116887	1	ENSMUSE00000314246	79975634	79975779	2	978	1123	79975634	79975779	0	2	79975780	79975860	1	1	264	0	8.0	33	ERR032231,ERR032237,ERR032238,SRR306764,SRR306765,SRR306766,SRR306770,SRR306775,SRR306776,SRR496224,SRR496226,SRR579545,SRR579546,SRR579549,SRR594393,SRR594396,SRR594397,SRR594399,SRR594401,SRR594404,SRR594405,SRR594407,SRR594409,SRR594417,SRR594418,SRR636916,SRR636962,SRR649375,SRR652252,SRR652253,SRR652254,SRR850585,SRR850587	2,1,1,2,2,1,1,4,10,1,1,6,2,1,2,7,1,2,123,4,2,1,51,2,7,1,1,6,2,9,6,1,1	0,0,0,0,0,0,0,0,0,0,0,0,0,0,0,0,0,0,0,0,0,0,0,0,0,0,0,0,0,0,0,0,0	ENSMUSG00000035745	ENSMUST00000149148	ENSMUSP00000116887	1	ENSMUSE00000574936	79975861	79975976	3	1124	1239	79975861	79975976	2	1	10
mus_musculus	ENSMUSG00000035745	ENSMUST00000149148	ENSMUSP00000116887	1	ENSMUSE00000314246	79975634	79975779	2	978	1123	79975634	79975779	0	2	79975780	79975860	1	1	264	0	8.0	33	ERR032231,ERR032237,ERR032238,SRR306764,SRR306765,SRR306766,SRR306770,SRR306775,SRR306776,SRR496224,SRR496226,SRR579545,SRR579546,SRR579549,SRR594393,SRR594396,SRR594397,SRR594399,SRR594401,SRR594404,SRR594405,SRR594407,SRR594409,SRR594417,SRR594418,SRR636916,SRR636962,SRR649375,SRR652252,SRR652253,SRR652254,SRR850585,SRR850587	2,1,1,2,2,1,1,4,10,1,1,6,2,1,2,7,1,2,123,4,2,1,51,2,7,1,1,6,2,9,6,1,1	0,0,0,0,0,0,0,0,0,0,0,0,0,0,0,0,0,0,0,0,0,0,0,0,0,0,0,0,0,0,0,0,0	ENSMUSG00000035745	ENSMUST00000131816	ENSMUSP00000122984	1	ENSMUSE00000574936	79975861	79975976	3	452	567	79975861	79975976	2	1	10
mus_musculus	ENSMUSG00000035745	ENSMUST00000131816	ENSMUSP00000122984	1	ENSMUSE00000314246	79975634	79975779	2	306	451	79975634	79975779	0	2	79975780	79975860	1	1	264	0	8.0	33	ERR032231,ERR032237,ERR032238,SRR306764,SRR306765,SRR306766,SRR306770,SRR306775,SRR306776,SRR496224,SRR496226,SRR579545,SRR579546,SRR579549,SRR594393,SRR594396,SRR594397,SRR594399,SRR594401,SRR594404,SRR594405,SRR594407,SRR594409,SRR594417,SRR594418,SRR636916,SRR636962,SRR649375,SRR652252,SRR652253,SRR652254,SRR850585,SRR850587	2,1,1,2,2,1,1,4,10,1,1,6,2,1,2,7,1,2,123,4,2,1,51,2,7,1,1,6,2,9,6,1,1	0,0,0,0,0,0,0,0,0,0,0,0,0,0,0,0,0,0,0,0,0,0,0,0,0,0,0,0,0,0,0,0,0	ENSMUSG00000035745	ENSMUST00000045085	ENSMUSP00000048576	1	ENSMUSE00000574936	79975861	79975976	5	2384	2499	79975861	79975976	2	1	10
mus_musculus	ENSMUSG00000035745	ENSMUST00000131816	ENSMUSP00000122984	1	ENSMUSE00000314246	79975634	79975779	2	306	451	79975634	79975779	0	2	79975780	79975860	1	1	264	0	8.0	33	ERR032231,ERR032237,ERR032238,SRR306764,SRR306765,SRR306766,SRR306770,SRR306775,SRR306776,SRR496224,SRR496226,SRR579545,SRR579546,SRR579549,SRR594393,SRR594396,SRR594397,SRR594399,SRR594401,SRR594404,SRR594405,SRR594407,SRR594409,SRR594417,SRR594418,SRR636916,SRR636962,SRR649375,SRR652252,SRR652253,SRR652254,SRR850585,SRR850587	2,1,1,2,2,1,1,4,10,1,1,6,2,1,2,7,1,2,123,4,2,1,51,2,7,1,1,6,2,9,6,1,1	0,0,0,0,0,0,0,0,0,0,0,0,0,0,0,0,0,0,0,0,0,0,0,0,0,0,0,0,0,0,0,0,0	ENSMUSG00000035745	ENSMUST00000149148	ENSMUSP00000116887	1	ENSMUSE00000574936	79975861	79975976	3	1124	1239	79975861	79975976	2	1	10
mus_musculus	ENSMUSG00000035745	ENSMUST00000131816	ENSMUSP00000122984	1	ENSMUSE00000314246	79975634	79975779	2	306	451	79975634	79975779	0	2	79975780	79975860	1	1	264	0	8.0	33	ERR032231,ERR032237,ERR032238,SRR306764,SRR306765,SRR306766,SRR306770,SRR306775,SRR306776,SRR496224,SRR496226,SRR579545,SRR579546,SRR579549,SRR594393,SRR594396,SRR594397,SRR594399,SRR594401,SRR594404,SRR594405,SRR594407,SRR594409,SRR594417,SRR594418,SRR636916,SRR636962,SRR649375,SRR652252,SRR652253,SRR652254,SRR850585,SRR850587	2,1,1,2,2,1,1,4,10,1,1,6,2,1,2,7,1,2,123,4,2,1,51,2,7,1,1,6,2,9,6,1,1	0,0,0,0,0,0,0,0,0,0,0,0,0,0,0,0,0,0,0,0,0,0,0,0,0,0,0,0,0,0,0,0,0	ENSMUSG00000035745	ENSMUST00000131816	ENSMUSP00000122984	1	ENSMUSE00000574936	79975861	79975976	3	452	567	79975861	79975976	2	1	10
mus_musculus	ENSMUSG00000035745	ENSMUST00000045085	ENSMUSP00000048576	1	ENSMUSE00000574936	79975861	79975976	5	2384	2499	79975861	79975976	2	1	79975977	79976053	1	1	188	0	7.230769230769232	26	ERR032230,SRR306763,SRR306764,SRR306765,SRR306769,SRR306775,SRR306776,SRR496226,SRR496232,SRR594393,SRR594396,SRR594401,SRR594404,SRR594405,SRR594407,SRR594409,SRR594410,SRR594417,SRR594418,SRR636916,SRR649375,SRR652246,SRR652247,SRR652253,SRR652254,SRR850587	2,1,1,1,1,6,5,1,1,3,1,76,2,1,2,36,1,1,4,2,15,1,1,12,10,1	0,0,0,0,0,0,0,0,0,0,0,0,0,0,0,0,0,0,0,0,0,0,0,0,0,0	ENSMUSG00000035745	ENSMUST00000045085	ENSMUSP00000048576	1	ENSMUSE00000574935	79976054	79976205	6	2500	2651	79976054	79976205	1	0	10
mus_musculus	ENSMUSG00000035745	ENSMUST00000045085	ENSMUSP00000048576	1	ENSMUSE00000574936	79975861	79975976	5	2384	2499	79975861	79975976	2	1	79975977	79976053	1	1	188	0	7.230769230769232	26	ERR032230,SRR306763,SRR306764,SRR306765,SRR306769,SRR306775,SRR306776,SRR496226,SRR496232,SRR594393,SRR594396,SRR594401,SRR594404,SRR594405,SRR594407,SRR594409,SRR594410,SRR594417,SRR594418,SRR636916,SRR649375,SRR652246,SRR652247,SRR652253,SRR652254,SRR850587	2,1,1,1,1,6,5,1,1,3,1,76,2,1,2,36,1,1,4,2,15,1,1,12,10,1	0,0,0,0,0,0,0,0,0,0,0,0,0,0,0,0,0,0,0,0,0,0,0,0,0,0	ENSMUSG00000035745	ENSMUST00000149148	ENSMUSP00000116887	1	ENSMUSE00000574935	79976054	79976205	4	1240	1391	79976054	79976205	1	0	10
mus_musculus	ENSMUSG00000035745	ENSMUST00000045085	ENSMUSP00000048576	1	ENSMUSE00000574936	79975861	79975976	5	2384	2499	79975861	79975976	2	1	79975977	79976053	1	1	188	0	7.230769230769232	26	ERR032230,SRR306763,SRR306764,SRR306765,SRR306769,SRR306775,SRR306776,SRR496226,SRR496232,SRR594393,SRR594396,SRR594401,SRR594404,SRR594405,SRR594407,SRR594409,SRR594410,SRR594417,SRR594418,SRR636916,SRR649375,SRR652246,SRR652247,SRR652253,SRR652254,SRR850587	2,1,1,1,1,6,5,1,1,3,1,76,2,1,2,36,1,1,4,2,15,1,1,12,10,1	0,0,0,0,0,0,0,0,0,0,0,0,0,0,0,0,0,0,0,0,0,0,0,0,0,0	ENSMUSG00000035745	ENSMUST00000131816	ENSMUSP00000122984	1	ENSMUSE00000796901	79976054	79976117	4	568	631	79976054	79976117	1	2	10
mus_musculus	ENSMUSG00000035745	ENSMUST00000149148	ENSMUSP00000116887	1	ENSMUSE00000574936	79975861	79975976	3	1124	1239	79975861	79975976	2	1	79975977	79976053	1	1	188	0	7.230769230769232	26	ERR032230,SRR306763,SRR306764,SRR306765,SRR306769,SRR306775,SRR306776,SRR496226,SRR496232,SRR594393,SRR594396,SRR594401,SRR594404,SRR594405,SRR594407,SRR594409,SRR594410,SRR594417,SRR594418,SRR636916,SRR649375,SRR652246,SRR652247,SRR652253,SRR652254,SRR850587	2,1,1,1,1,6,5,1,1,3,1,76,2,1,2,36,1,1,4,2,15,1,1,12,10,1	0,0,0,0,0,0,0,0,0,0,0,0,0,0,0,0,0,0,0,0,0,0,0,0,0,0	ENSMUSG00000035745	ENSMUST00000045085	ENSMUSP00000048576	1	ENSMUSE00000574935	79976054	79976205	6	2500	2651	79976054	79976205	1	0	10
mus_musculus	ENSMUSG00000035745	ENSMUST00000149148	ENSMUSP00000116887	1	ENSMUSE00000574936	79975861	79975976	3	1124	1239	79975861	79975976	2	1	79975977	79976053	1	1	188	0	7.230769230769232	26	ERR032230,SRR306763,SRR306764,SRR306765,SRR306769,SRR306775,SRR306776,SRR496226,SRR496232,SRR594393,SRR594396,SRR594401,SRR594404,SRR594405,SRR594407,SRR594409,SRR594410,SRR594417,SRR594418,SRR636916,SRR649375,SRR652246,SRR652247,SRR652253,SRR652254,SRR850587	2,1,1,1,1,6,5,1,1,3,1,76,2,1,2,36,1,1,4,2,15,1,1,12,10,1	0,0,0,0,0,0,0,0,0,0,0,0,0,0,0,0,0,0,0,0,0,0,0,0,0,0	ENSMUSG00000035745	ENSMUST00000149148	ENSMUSP00000116887	1	ENSMUSE00000574935	79976054	79976205	4	1240	1391	79976054	79976205	1	0	10
mus_musculus	ENSMUSG00000035745	ENSMUST00000149148	ENSMUSP00000116887	1	ENSMUSE00000574936	79975861	79975976	3	1124	1239	79975861	79975976	2	1	79975977	79976053	1	1	188	0	7.230769230769232	26	ERR032230,SRR306763,SRR306764,SRR306765,SRR306769,SRR306775,SRR306776,SRR496226,SRR496232,SRR594393,SRR594396,SRR594401,SRR594404,SRR594405,SRR594407,SRR594409,SRR594410,SRR594417,SRR594418,SRR636916,SRR649375,SRR652246,SRR652247,SRR652253,SRR652254,SRR850587	2,1,1,1,1,6,5,1,1,3,1,76,2,1,2,36,1,1,4,2,15,1,1,12,10,1	0,0,0,0,0,0,0,0,0,0,0,0,0,0,0,0,0,0,0,0,0,0,0,0,0,0	ENSMUSG00000035745	ENSMUST00000131816	ENSMUSP00000122984	1	ENSMUSE00000796901	79976054	79976117	4	568	631	79976054	79976117	1	2	10
mus_musculus	ENSMUSG00000035745	ENSMUST00000131816	ENSMUSP00000122984	1	ENSMUSE00000574936	79975861	79975976	3	452	567	79975861	79975976	2	1	79975977	79976053	1	1	188	0	7.230769230769232	26	ERR032230,SRR306763,SRR306764,SRR306765,SRR306769,SRR306775,SRR306776,SRR496226,SRR496232,SRR594393,SRR594396,SRR594401,SRR594404,SRR594405,SRR594407,SRR594409,SRR594410,SRR594417,SRR594418,SRR636916,SRR649375,SRR652246,SRR652247,SRR652253,SRR652254,SRR850587	2,1,1,1,1,6,5,1,1,3,1,76,2,1,2,36,1,1,4,2,15,1,1,12,10,1	0,0,0,0,0,0,0,0,0,0,0,0,0,0,0,0,0,0,0,0,0,0,0,0,0,0	ENSMUSG00000035745	ENSMUST00000045085	ENSMUSP00000048576	1	ENSMUSE00000574935	79976054	79976205	6	2500	2651	79976054	79976205	1	0	10
mus_musculus	ENSMUSG00000035745	ENSMUST00000131816	ENSMUSP00000122984	1	ENSMUSE00000574936	79975861	79975976	3	452	567	79975861	79975976	2	1	79975977	79976053	1	1	188	0	7.230769230769232	26	ERR032230,SRR306763,SRR306764,SRR306765,SRR306769,SRR306775,SRR306776,SRR496226,SRR496232,SRR594393,SRR594396,SRR594401,SRR594404,SRR594405,SRR594407,SRR594409,SRR594410,SRR594417,SRR594418,SRR636916,SRR649375,SRR652246,SRR652247,SRR652253,SRR652254,SRR850587	2,1,1,1,1,6,5,1,1,3,1,76,2,1,2,36,1,1,4,2,15,1,1,12,10,1	0,0,0,0,0,0,0,0,0,0,0,0,0,0,0,0,0,0,0,0,0,0,0,0,0,0	ENSMUSG00000035745	ENSMUST00000149148	ENSMUSP00000116887	1	ENSMUSE00000574935	79976054	79976205	4	1240	1391	79976054	79976205	1	0	10
mus_musculus	ENSMUSG00000035745	ENSMUST00000131816	ENSMUSP00000122984	1	ENSMUSE00000574936	79975861	79975976	3	452	567	79975861	79975976	2	1	79975977	79976053	1	1	188	0	7.230769230769232	26	ERR032230,SRR306763,SRR306764,SRR306765,SRR306769,SRR306775,SRR306776,SRR496226,SRR496232,SRR594393,SRR594396,SRR594401,SRR594404,SRR594405,SRR594407,SRR594409,SRR594410,SRR594417,SRR594418,SRR636916,SRR649375,SRR652246,SRR652247,SRR652253,SRR652254,SRR850587	2,1,1,1,1,6,5,1,1,3,1,76,2,1,2,36,1,1,4,2,15,1,1,12,10,1	0,0,0,0,0,0,0,0,0,0,0,0,0,0,0,0,0,0,0,0,0,0,0,0,0,0	ENSMUSG00000035745	ENSMUST00000131816	ENSMUSP00000122984	1	ENSMUSE00000796901	79976054	79976117	4	568	631	79976054	79976117	1	2	10
mus_musculus	ENSMUSG00000035745	ENSMUST00000045085	ENSMUSP00000048576	1	ENSMUSE00000574936	79975861	79975976	5	2384	2499	79975861	79975976	2	1	79975977	79976065	1	1	2	0	1.0	2	SRR594409,SRR652245	1,1	0,0															10
mus_musculus	ENSMUSG00000035745	ENSMUST00000149148	ENSMUSP00000116887	1	ENSMUSE00000574936	79975861	79975976	3	1124	1239	79975861	79975976	2	1	79975977	79976065	1	1	2	0	1.0	2	SRR594409,SRR652245	1,1	0,0															10
mus_musculus	ENSMUSG00000035745	ENSMUST00000131816	ENSMUSP00000122984	1	ENSMUSE00000574936	79975861	79975976	3	452	567	79975861	79975976	2	1	79975977	79976065	1	1	2	0	1.0	2	SRR594409,SRR652245	1,1	0,0															10
mus_musculus	ENSMUSG00000035745	ENSMUST00000045085	ENSMUSP00000048576	1	ENSMUSE00000574935	79976054	79976205	6	2500	2651	79976054	79976205	1	0	79976206	79976393	1	1	164	0	6.3076923076923075	26	ERR032230,ERR032237,SRR306764,SRR306765,SRR306767,SRR306775,SRR306776,SRR496228,SRR594393,SRR594396,SRR594399,SRR594401,SRR594404,SRR594405,SRR594407,SRR594409,SRR594413,SRR594417,SRR594418,SRR636916,SRR649375,SRR652247,SRR652252,SRR652253,SRR652254,SRR850580	1,1,1,2,1,2,6,1,4,1,2,43,3,1,2,76,2,1,1,1,4,1,1,1,4,1	0,0,0,0,0,0,0,0,0,0,0,0,0,0,0,0,0,0,0,0,0,0,0,0,0,0	ENSMUSG00000035745	ENSMUST00000045085	ENSMUSP00000048576	1	ENSMUSE00001248046	79976394	79976558	7	2652	2816	79976394	79976558	0	0	10
mus_musculus	ENSMUSG00000035745	ENSMUST00000045085	ENSMUSP00000048576	1	ENSMUSE00000574935	79976054	79976205	6	2500	2651	79976054	79976205	1	0	79976206	79976393	1	1	164	0	6.3076923076923075	26	ERR032230,ERR032237,SRR306764,SRR306765,SRR306767,SRR306775,SRR306776,SRR496228,SRR594393,SRR594396,SRR594399,SRR594401,SRR594404,SRR594405,SRR594407,SRR594409,SRR594413,SRR594417,SRR594418,SRR636916,SRR649375,SRR652247,SRR652252,SRR652253,SRR652254,SRR850580	1,1,1,2,1,2,6,1,4,1,2,43,3,1,2,76,2,1,1,1,4,1,1,1,4,1	0,0,0,0,0,0,0,0,0,0,0,0,0,0,0,0,0,0,0,0,0,0,0,0,0,0	ENSMUSG00000035745	ENSMUST00000149148	ENSMUSP00000116887	1	ENSMUSE00001248046	79976394	79976558	5	1392	1556	79976394	79976558	0	0	10
mus_musculus	ENSMUSG00000035745	ENSMUST00000045085	ENSMUSP00000048576	1	ENSMUSE00000574935	79976054	79976205	6	2500	2651	79976054	79976205	1	0	79976206	79976393	1	1	164	0	6.3076923076923075	26	ERR032230,ERR032237,SRR306764,SRR306765,SRR306767,SRR306775,SRR306776,SRR496228,SRR594393,SRR594396,SRR594399,SRR594401,SRR594404,SRR594405,SRR594407,SRR594409,SRR594413,SRR594417,SRR594418,SRR636916,SRR649375,SRR652247,SRR652252,SRR652253,SRR652254,SRR850580	1,1,1,2,1,2,6,1,4,1,2,43,3,1,2,76,2,1,1,1,4,1,1,1,4,1	0,0,0,0,0,0,0,0,0,0,0,0,0,0,0,0,0,0,0,0,0,0,0,0,0,0	ENSMUSG00000035745	ENSMUST00000131816	ENSMUSP00000122984	1	ENSMUSE00001222585	79976394	79976558	5	632	796	79976394	79976558	2	2	10
mus_musculus	ENSMUSG00000035745	ENSMUST00000149148	ENSMUSP00000116887	1	ENSMUSE00000574935	79976054	79976205	4	1240	1391	79976054	79976205	1	0	79976206	79976393	1	1	164	0	6.3076923076923075	26	ERR032230,ERR032237,SRR306764,SRR306765,SRR306767,SRR306775,SRR306776,SRR496228,SRR594393,SRR594396,SRR594399,SRR594401,SRR594404,SRR594405,SRR594407,SRR594409,SRR594413,SRR594417,SRR594418,SRR636916,SRR649375,SRR652247,SRR652252,SRR652253,SRR652254,SRR850580	1,1,1,2,1,2,6,1,4,1,2,43,3,1,2,76,2,1,1,1,4,1,1,1,4,1	0,0,0,0,0,0,0,0,0,0,0,0,0,0,0,0,0,0,0,0,0,0,0,0,0,0	ENSMUSG00000035745	ENSMUST00000045085	ENSMUSP00000048576	1	ENSMUSE00001248046	79976394	79976558	7	2652	2816	79976394	79976558	0	0	10
mus_musculus	ENSMUSG00000035745	ENSMUST00000149148	ENSMUSP00000116887	1	ENSMUSE00000574935	79976054	79976205	4	1240	1391	79976054	79976205	1	0	79976206	79976393	1	1	164	0	6.3076923076923075	26	ERR032230,ERR032237,SRR306764,SRR306765,SRR306767,SRR306775,SRR306776,SRR496228,SRR594393,SRR594396,SRR594399,SRR594401,SRR594404,SRR594405,SRR594407,SRR594409,SRR594413,SRR594417,SRR594418,SRR636916,SRR649375,SRR652247,SRR652252,SRR652253,SRR652254,SRR850580	1,1,1,2,1,2,6,1,4,1,2,43,3,1,2,76,2,1,1,1,4,1,1,1,4,1	0,0,0,0,0,0,0,0,0,0,0,0,0,0,0,0,0,0,0,0,0,0,0,0,0,0	ENSMUSG00000035745	ENSMUST00000149148	ENSMUSP00000116887	1	ENSMUSE00001248046	79976394	79976558	5	1392	1556	79976394	79976558	0	0	10
mus_musculus	ENSMUSG00000035745	ENSMUST00000149148	ENSMUSP00000116887	1	ENSMUSE00000574935	79976054	79976205	4	1240	1391	79976054	79976205	1	0	79976206	79976393	1	1	164	0	6.3076923076923075	26	ERR032230,ERR032237,SRR306764,SRR306765,SRR306767,SRR306775,SRR306776,SRR496228,SRR594393,SRR594396,SRR594399,SRR594401,SRR594404,SRR594405,SRR594407,SRR594409,SRR594413,SRR594417,SRR594418,SRR636916,SRR649375,SRR652247,SRR652252,SRR652253,SRR652254,SRR850580	1,1,1,2,1,2,6,1,4,1,2,43,3,1,2,76,2,1,1,1,4,1,1,1,4,1	0,0,0,0,0,0,0,0,0,0,0,0,0,0,0,0,0,0,0,0,0,0,0,0,0,0	ENSMUSG00000035745	ENSMUST00000131816	ENSMUSP00000122984	1	ENSMUSE00001222585	79976394	79976558	5	632	796	79976394	79976558	2	2	10
mus_musculus	ENSMUSG00000035745	ENSMUST00000045085	ENSMUSP00000048576	1	ENSMUSE00001248046	79976394	79976558	7	2652	2816	79976394	79976558	0	0	79976559	79976634	1	1	190	0	6.7857142857142865	28	ERR032210,ERR032230,ERR032234,SRR306763,SRR306764,SRR306765,SRR306768,SRR306770,SRR306775,SRR306776,SRR594393,SRR594396,SRR594398,SRR594399,SRR594401,SRR594402,SRR594405,SRR594409,SRR594412,SRR594413,SRR594417,SRR594418,SRR636916,SRR636963,SRR649375,SRR652253,SRR652254,SRR850582	2,1,2,1,1,3,1,1,12,13,4,3,1,2,50,1,3,75,1,1,1,1,1,1,3,2,2,1	0,0,0,0,0,0,0,0,0,0,0,0,0,0,0,0,0,0,0,0,0,0,0,0,0,0,0,0	ENSMUSG00000035745	ENSMUST00000045085	ENSMUSP00000048576	1	ENSMUSE00001299302	79976635	79976702	8	2817	2884	79976635	79976702	0	2	10
mus_musculus	ENSMUSG00000035745	ENSMUST00000045085	ENSMUSP00000048576	1	ENSMUSE00001248046	79976394	79976558	7	2652	2816	79976394	79976558	0	0	79976559	79976634	1	1	190	0	6.7857142857142865	28	ERR032210,ERR032230,ERR032234,SRR306763,SRR306764,SRR306765,SRR306768,SRR306770,SRR306775,SRR306776,SRR594393,SRR594396,SRR594398,SRR594399,SRR594401,SRR594402,SRR594405,SRR594409,SRR594412,SRR594413,SRR594417,SRR594418,SRR636916,SRR636963,SRR649375,SRR652253,SRR652254,SRR850582	2,1,2,1,1,3,1,1,12,13,4,3,1,2,50,1,3,75,1,1,1,1,1,1,3,2,2,1	0,0,0,0,0,0,0,0,0,0,0,0,0,0,0,0,0,0,0,0,0,0,0,0,0,0,0,0	ENSMUSG00000035745	ENSMUST00000149148	ENSMUSP00000116887	1	ENSMUSE00000789743	79976635	79976715	6	1557	1628	79976635	79976706	0	-1	10
mus_musculus	ENSMUSG00000035745	ENSMUST00000045085	ENSMUSP00000048576	1	ENSMUSE00001248046	79976394	79976558	7	2652	2816	79976394	79976558	0	0	79976559	79976634	1	1	190	0	6.7857142857142865	28	ERR032210,ERR032230,ERR032234,SRR306763,SRR306764,SRR306765,SRR306768,SRR306770,SRR306775,SRR306776,SRR594393,SRR594396,SRR594398,SRR594399,SRR594401,SRR594402,SRR594405,SRR594409,SRR594412,SRR594413,SRR594417,SRR594418,SRR636916,SRR636963,SRR649375,SRR652253,SRR652254,SRR850582	2,1,2,1,1,3,1,1,12,13,4,3,1,2,50,1,3,75,1,1,1,1,1,1,3,2,2,1	0,0,0,0,0,0,0,0,0,0,0,0,0,0,0,0,0,0,0,0,0,0,0,0,0,0,0,0	ENSMUSG00000035745	ENSMUST00000131816	ENSMUSP00000122984	1	ENSMUSE00001218819	79976635	79976702	6	797	864	79976635	79976702	2	1	10
mus_musculus	ENSMUSG00000035745	ENSMUST00000149148	ENSMUSP00000116887	1	ENSMUSE00001248046	79976394	79976558	5	1392	1556	79976394	79976558	0	0	79976559	79976634	1	1	190	0	6.7857142857142865	28	ERR032210,ERR032230,ERR032234,SRR306763,SRR306764,SRR306765,SRR306768,SRR306770,SRR306775,SRR306776,SRR594393,SRR594396,SRR594398,SRR594399,SRR594401,SRR594402,SRR594405,SRR594409,SRR594412,SRR594413,SRR594417,SRR594418,SRR636916,SRR636963,SRR649375,SRR652253,SRR652254,SRR850582	2,1,2,1,1,3,1,1,12,13,4,3,1,2,50,1,3,75,1,1,1,1,1,1,3,2,2,1	0,0,0,0,0,0,0,0,0,0,0,0,0,0,0,0,0,0,0,0,0,0,0,0,0,0,0,0	ENSMUSG00000035745	ENSMUST00000045085	ENSMUSP00000048576	1	ENSMUSE00001299302	79976635	79976702	8	2817	2884	79976635	79976702	0	2	10
mus_musculus	ENSMUSG00000035745	ENSMUST00000149148	ENSMUSP00000116887	1	ENSMUSE00001248046	79976394	79976558	5	1392	1556	79976394	79976558	0	0	79976559	79976634	1	1	190	0	6.7857142857142865	28	ERR032210,ERR032230,ERR032234,SRR306763,SRR306764,SRR306765,SRR306768,SRR306770,SRR306775,SRR306776,SRR594393,SRR594396,SRR594398,SRR594399,SRR594401,SRR594402,SRR594405,SRR594409,SRR594412,SRR594413,SRR594417,SRR594418,SRR636916,SRR636963,SRR649375,SRR652253,SRR652254,SRR850582	2,1,2,1,1,3,1,1,12,13,4,3,1,2,50,1,3,75,1,1,1,1,1,1,3,2,2,1	0,0,0,0,0,0,0,0,0,0,0,0,0,0,0,0,0,0,0,0,0,0,0,0,0,0,0,0	ENSMUSG00000035745	ENSMUST00000149148	ENSMUSP00000116887	1	ENSMUSE00000789743	79976635	79976715	6	1557	1628	79976635	79976706	0	-1	10
mus_musculus	ENSMUSG00000035745	ENSMUST00000149148	ENSMUSP00000116887	1	ENSMUSE00001248046	79976394	79976558	5	1392	1556	79976394	79976558	0	0	79976559	79976634	1	1	190	0	6.7857142857142865	28	ERR032210,ERR032230,ERR032234,SRR306763,SRR306764,SRR306765,SRR306768,SRR306770,SRR306775,SRR306776,SRR594393,SRR594396,SRR594398,SRR594399,SRR594401,SRR594402,SRR594405,SRR594409,SRR594412,SRR594413,SRR594417,SRR594418,SRR636916,SRR636963,SRR649375,SRR652253,SRR652254,SRR850582	2,1,2,1,1,3,1,1,12,13,4,3,1,2,50,1,3,75,1,1,1,1,1,1,3,2,2,1	0,0,0,0,0,0,0,0,0,0,0,0,0,0,0,0,0,0,0,0,0,0,0,0,0,0,0,0	ENSMUSG00000035745	ENSMUST00000131816	ENSMUSP00000122984	1	ENSMUSE00001218819	79976635	79976702	6	797	864	79976635	79976702	2	1	10
mus_musculus	ENSMUSG00000035745	ENSMUST00000131816	ENSMUSP00000122984	1	ENSMUSE00001222585	79976394	79976558	5	632	796	79976394	79976558	2	2	79976559	79976634	1	1	190	0	6.7857142857142865	28	ERR032210,ERR032230,ERR032234,SRR306763,SRR306764,SRR306765,SRR306768,SRR306770,SRR306775,SRR306776,SRR594393,SRR594396,SRR594398,SRR594399,SRR594401,SRR594402,SRR594405,SRR594409,SRR594412,SRR594413,SRR594417,SRR594418,SRR636916,SRR636963,SRR649375,SRR652253,SRR652254,SRR850582	2,1,2,1,1,3,1,1,12,13,4,3,1,2,50,1,3,75,1,1,1,1,1,1,3,2,2,1	0,0,0,0,0,0,0,0,0,0,0,0,0,0,0,0,0,0,0,0,0,0,0,0,0,0,0,0	ENSMUSG00000035745	ENSMUST00000045085	ENSMUSP00000048576	1	ENSMUSE00001299302	79976635	79976702	8	2817	2884	79976635	79976702	0	2	10
mus_musculus	ENSMUSG00000035745	ENSMUST00000131816	ENSMUSP00000122984	1	ENSMUSE00001222585	79976394	79976558	5	632	796	79976394	79976558	2	2	79976559	79976634	1	1	190	0	6.7857142857142865	28	ERR032210,ERR032230,ERR032234,SRR306763,SRR306764,SRR306765,SRR306768,SRR306770,SRR306775,SRR306776,SRR594393,SRR594396,SRR594398,SRR594399,SRR594401,SRR594402,SRR594405,SRR594409,SRR594412,SRR594413,SRR594417,SRR594418,SRR636916,SRR636963,SRR649375,SRR652253,SRR652254,SRR850582	2,1,2,1,1,3,1,1,12,13,4,3,1,2,50,1,3,75,1,1,1,1,1,1,3,2,2,1	0,0,0,0,0,0,0,0,0,0,0,0,0,0,0,0,0,0,0,0,0,0,0,0,0,0,0,0	ENSMUSG00000035745	ENSMUST00000149148	ENSMUSP00000116887	1	ENSMUSE00000789743	79976635	79976715	6	1557	1628	79976635	79976706	0	-1	10
mus_musculus	ENSMUSG00000035745	ENSMUST00000131816	ENSMUSP00000122984	1	ENSMUSE00001222585	79976394	79976558	5	632	796	79976394	79976558	2	2	79976559	79976634	1	1	190	0	6.7857142857142865	28	ERR032210,ERR032230,ERR032234,SRR306763,SRR306764,SRR306765,SRR306768,SRR306770,SRR306775,SRR306776,SRR594393,SRR594396,SRR594398,SRR594399,SRR594401,SRR594402,SRR594405,SRR594409,SRR594412,SRR594413,SRR594417,SRR594418,SRR636916,SRR636963,SRR649375,SRR652253,SRR652254,SRR850582	2,1,2,1,1,3,1,1,12,13,4,3,1,2,50,1,3,75,1,1,1,1,1,1,3,2,2,1	0,0,0,0,0,0,0,0,0,0,0,0,0,0,0,0,0,0,0,0,0,0,0,0,0,0,0,0	ENSMUSG00000035745	ENSMUST00000131816	ENSMUSP00000122984	1	ENSMUSE00001218819	79976635	79976702	6	797	864	79976635	79976702	2	1	10
mus_musculus	ENSMUSG00000035745	ENSMUST00000045085	ENSMUSP00000048576	1	ENSMUSE00001299302	79976635	79976702	8	2817	2884	79976635	79976702	0	2	79976703	79976791	1	1	131	1	5.458333333333332	24	SRR306761,SRR306763,SRR306764,SRR306765,SRR306770,SRR306775,SRR306776,SRR496231,SRR579545,SRR579546,SRR579547,SRR579550,SRR594399,SRR594401,SRR594405,SRR594409,SRR594413,SRR594418,SRR636868,SRR636916,SRR636918,SRR636962,SRR652252,SRR652254	1,2,1,2,0,5,21,1,1,3,2,1,1,25,1,51,1,4,1,1,1,1,3,1	0,0,0,0,1,0,0,0,0,0,0,0,0,0,0,0,0,0,0,0,0,0,0,0	ENSMUSG00000035745	ENSMUST00000045085	ENSMUSP00000048576	1	ENSMUSE00000314227	79976792	79977190	9	2885	3197	79976792	79977104	2	-1	10
mus_musculus	ENSMUSG00000035745	ENSMUST00000045085	ENSMUSP00000048576	1	ENSMUSE00001299302	79976635	79976702	8	2817	2884	79976635	79976702	0	2	79976703	79976791	1	1	131	1	5.458333333333332	24	SRR306761,SRR306763,SRR306764,SRR306765,SRR306770,SRR306775,SRR306776,SRR496231,SRR579545,SRR579546,SRR579547,SRR579550,SRR594399,SRR594401,SRR594405,SRR594409,SRR594413,SRR594418,SRR636868,SRR636916,SRR636918,SRR636962,SRR652252,SRR652254	1,2,1,2,0,5,21,1,1,3,2,1,1,25,1,51,1,4,1,1,1,1,3,1	0,0,0,0,1,0,0,0,0,0,0,0,0,0,0,0,0,0,0,0,0,0,0,0	ENSMUSG00000035745	ENSMUST00000131816	ENSMUSP00000122984	1	ENSMUSE00000774520	79976792	79977124	7	865	1197	79976792	79977124	1	1	10
mus_musculus	ENSMUSG00000035745	ENSMUST00000131816	ENSMUSP00000122984	1	ENSMUSE00001218819	79976635	79976702	6	797	864	79976635	79976702	2	1	79976703	79976791	1	1	131	1	5.458333333333332	24	SRR306761,SRR306763,SRR306764,SRR306765,SRR306770,SRR306775,SRR306776,SRR496231,SRR579545,SRR579546,SRR579547,SRR579550,SRR594399,SRR594401,SRR594405,SRR594409,SRR594413,SRR594418,SRR636868,SRR636916,SRR636918,SRR636962,SRR652252,SRR652254	1,2,1,2,0,5,21,1,1,3,2,1,1,25,1,51,1,4,1,1,1,1,3,1	0,0,0,0,1,0,0,0,0,0,0,0,0,0,0,0,0,0,0,0,0,0,0,0	ENSMUSG00000035745	ENSMUST00000045085	ENSMUSP00000048576	1	ENSMUSE00000314227	79976792	79977190	9	2885	3197	79976792	79977104	2	-1	10
mus_musculus	ENSMUSG00000035745	ENSMUST00000131816	ENSMUSP00000122984	1	ENSMUSE00001218819	79976635	79976702	6	797	864	79976635	79976702	2	1	79976703	79976791	1	1	131	1	5.458333333333332	24	SRR306761,SRR306763,SRR306764,SRR306765,SRR306770,SRR306775,SRR306776,SRR496231,SRR579545,SRR579546,SRR579547,SRR579550,SRR594399,SRR594401,SRR594405,SRR594409,SRR594413,SRR594418,SRR636868,SRR636916,SRR636918,SRR636962,SRR652252,SRR652254	1,2,1,2,0,5,21,1,1,3,2,1,1,25,1,51,1,4,1,1,1,1,3,1	0,0,0,0,1,0,0,0,0,0,0,0,0,0,0,0,0,0,0,0,0,0,0,0	ENSMUSG00000035745	ENSMUST00000131816	ENSMUSP00000122984	1	ENSMUSE00000774520	79976792	79977124	7	865	1197	79976792	79977124	1	1	10
mus_musculus	ENSMUSG00000035745	ENSMUST00000131816	ENSMUSP00000122984	1	ENSMUSE00000796901	79976054	79976117	4	568	631	79976054	79976117	1	2	79976118	79976393	1	1	30	0	3.3333333333333326	9	SRR306775,SRR306776,SRR594401,SRR594404,SRR594408,SRR594409,SRR594412,SRR649375,SRR652253	1,3,6,1,1,12,1,3,2	0,0,0,0,0,0,0,0,0	ENSMUSG00000035745	ENSMUST00000045085	ENSMUSP00000048576	1	ENSMUSE00001248046	79976394	79976558	7	2652	2816	79976394	79976558	0	0	10
mus_musculus	ENSMUSG00000035745	ENSMUST00000131816	ENSMUSP00000122984	1	ENSMUSE00000796901	79976054	79976117	4	568	631	79976054	79976117	1	2	79976118	79976393	1	1	30	0	3.3333333333333326	9	SRR306775,SRR306776,SRR594401,SRR594404,SRR594408,SRR594409,SRR594412,SRR649375,SRR652253	1,3,6,1,1,12,1,3,2	0,0,0,0,0,0,0,0,0	ENSMUSG00000035745	ENSMUST00000149148	ENSMUSP00000116887	1	ENSMUSE00001248046	79976394	79976558	5	1392	1556	79976394	79976558	0	0	10
mus_musculus	ENSMUSG00000035745	ENSMUST00000131816	ENSMUSP00000122984	1	ENSMUSE00000796901	79976054	79976117	4	568	631	79976054	79976117	1	2	79976118	79976393	1	1	30	0	3.3333333333333326	9	SRR306775,SRR306776,SRR594401,SRR594404,SRR594408,SRR594409,SRR594412,SRR649375,SRR652253	1,3,6,1,1,12,1,3,2	0,0,0,0,0,0,0,0,0	ENSMUSG00000035745	ENSMUST00000131816	ENSMUSP00000122984	1	ENSMUSE00001222585	79976394	79976558	5	632	796	79976394	79976558	2	2	10
mus_musculus															79973769	79973953	1	1	42	0	4.666666666666665	9	SRR306776,SRR594401,SRR594404,SRR594409,SRR594418,SRR649375,SRR652252,SRR652253,SRR652254	6,9,3,3,1,11,1,3,5	0,0,0,0,0,0,0,0,0															10
mus_musculus															79974330	79974562	1	1	5	0	2.5	2	SRR594401,SRR594409	2,3	0,0															10
mus_musculus															79974562	79975652	1	1	4	0	2.0	2	SRR594401,SRR594409	3,1	0,0															10
mus_musculus															79975323	79975652	1	1	6	0	6.0	1	SRR594409	6	0															10
mus_musculus															79976114	79976393	1	1	2	0	1.0	2	SRR306771,SRR594409	1,1	0,0	ENSMUSG00000035745	ENSMUST00000045085	ENSMUSP00000048576	1	ENSMUSE00001248046	79976394	79976558	7	2652	2816	79976394	79976558	0	0	10
mus_musculus															79976114	79976393	1	1	2	0	1.0	2	SRR306771,SRR594409	1,1	0,0	ENSMUSG00000035745	ENSMUST00000149148	ENSMUSP00000116887	1	ENSMUSE00001248046	79976394	79976558	5	1392	1556	79976394	79976558	0	0	10
mus_musculus															79976114	79976393	1	1	2	0	1.0	2	SRR306771,SRR594409	1,1	0,0	ENSMUSG00000035745	ENSMUST00000131816	ENSMUSP00000122984	1	ENSMUSE00001222585	79976394	79976558	5	632	796	79976394	79976558	2	2	10
mus_musculus															79976160	79976393	1	1	13	0	2.6	5	SRR306775,SRR594401,SRR594409,SRR652252,SRR652253	1,3,7,1,1	0,0,0,0,0	ENSMUSG00000035745	ENSMUST00000045085	ENSMUSP00000048576	1	ENSMUSE00001248046	79976394	79976558	7	2652	2816	79976394	79976558	0	0	10
mus_musculus															79976160	79976393	1	1	13	0	2.6	5	SRR306775,SRR594401,SRR594409,SRR652252,SRR652253	1,3,7,1,1	0,0,0,0,0	ENSMUSG00000035745	ENSMUST00000149148	ENSMUSP00000116887	1	ENSMUSE00001248046	79976394	79976558	5	1392	1556	79976394	79976558	0	0	10
mus_musculus															79976160	79976393	1	1	13	0	2.6	5	SRR306775,SRR594401,SRR594409,SRR652252,SRR652253	1,3,7,1,1	0,0,0,0,0	ENSMUSG00000035745	ENSMUST00000131816	ENSMUSP00000122984	1	ENSMUSE00001222585	79976394	79976558	5	632	796	79976394	79976558	2	2	10
mus_musculus															79976230	79976393	1	1	1	0	1.0	1	SRR594401	1	0	ENSMUSG00000035745	ENSMUST00000045085	ENSMUSP00000048576	1	ENSMUSE00001248046	79976394	79976558	7	2652	2816	79976394	79976558	0	0	10
mus_musculus															79976230	79976393	1	1	1	0	1.0	1	SRR594401	1	0	ENSMUSG00000035745	ENSMUST00000149148	ENSMUSP00000116887	1	ENSMUSE00001248046	79976394	79976558	5	1392	1556	79976394	79976558	0	0	10
mus_musculus															79976230	79976393	1	1	1	0	1.0	1	SRR594401	1	0	ENSMUSG00000035745	ENSMUST00000131816	ENSMUSP00000122984	1	ENSMUSE00001222585	79976394	79976558	5	632	796	79976394	79976558	2	2	10
mus_musculus	ENSMUSG00000035745	ENSMUST00000045085	ENSMUSP00000048576	1	ENSMUSE00000314227	79976792	79977190	9	2885	3197	79976792	79977104	2	-1																										10
mus_musculus	ENSMUSG00000035745	ENSMUST00000149148	ENSMUSP00000116887	1	ENSMUSE00000789743	79976635	79976715	6	1557	1628	79976635	79976706	0	-1																										10
mus_musculus	ENSMUSG00000035745	ENSMUST00000131816	ENSMUSP00000122984	1	ENSMUSE00000774520	79976792	79977124	7	865	1197	79976792	79977124	1	1																										10
mus_musculus																										ENSMUSG00000035745	ENSMUST00000045085	ENSMUSP00000048576	1	ENSMUSE00000400749	79970715	79971325	1	186	611	79970900	79971325	-1	0	10
mus_musculus																										ENSMUSG00000035745	ENSMUST00000149148	ENSMUSP00000116887	1	ENSMUSE00000833103	79973737	79974713	1	1	977	79973737	79974713	1	0	10
mus_musculus																										ENSMUSG00000035745	ENSMUST00000131816	ENSMUSP00000122984	1	ENSMUSE00000758847	79974409	79974713	1	1	305	79974409	79974713	1	0	10
ornithorhynchus_anatinus	ENSOANG00000008131	ENSOANT00000012924	ENSOANP00000012922	1	ENSOANE00000219591	12255	12651	1	60	397	12314	12651	-1	2																										Contig13772
ornithorhynchus_anatinus	ENSOANG00000008131	ENSOANT00000012923	ENSOANP00000012921	1	ENSOANE00000219591	12255	12651	1	54	397	12308	12651	-1	2																										Contig13772
ornithorhynchus_anatinus	ENSOANG00000008131	ENSOANT00000012924	ENSOANP00000012922	1	ENSOANE00000089339	12918	13101	2	398	581	12918	13101	2	0																										Contig13772
ornithorhynchus_anatinus	ENSOANG00000008131	ENSOANT00000012924	ENSOANP00000012922	1	ENSOANE00000089340	13135	13587	3	582	1034	13135	13587	0	0																										Contig13772
ornithorhynchus_anatinus	ENSOANG00000008131	ENSOANT00000012923	ENSOANP00000012921	1	ENSOANE00000089324	12918	13587	2	398	1067	12918	13587	2	0																										Contig13772
ornithorhynchus_anatinus	ENSOANG00000008131	ENSOANT00000012924	ENSOANP00000012922	1	ENSOANE00000089326	14894	15277	4	1035	1418	14894	15277	0	0																										Contig13772
ornithorhynchus_anatinus	ENSOANG00000008131	ENSOANT00000012923	ENSOANP00000012921	1	ENSOANE00000089326	14894	15277	3	1068	1451	14894	15277	0	0																										Contig13772
ornithorhynchus_anatinus	ENSOANG00000008131	ENSOANT00000012924	ENSOANP00000012922	1	ENSOANE00000089341	15656	15757	5	1419	1520	15656	15757	0	0																										Contig13772
ornithorhynchus_anatinus	ENSOANG00000008131	ENSOANT00000012924	ENSOANP00000012922	1	ENSOANE00000089342	15762	15805	6	1521	1564	15762	15805	0	2																										Contig13772
ornithorhynchus_anatinus	ENSOANG00000008131	ENSOANT00000012923	ENSOANP00000012921	1	ENSOANE00000089329	15765	15805	5	1557	1597	15765	15805	0	2																										Contig13772
ornithorhynchus_anatinus	ENSOANG00000008131	ENSOANT00000012924	ENSOANP00000012922	1	ENSOANE00000089331	15994	16109	7	1565	1680	15994	16109	2	1																										Contig13772
ornithorhynchus_anatinus	ENSOANG00000008131	ENSOANT00000012923	ENSOANP00000012921	1	ENSOANE00000089331	15994	16109	6	1598	1713	15994	16109	2	1																										Contig13772
ornithorhynchus_anatinus	ENSOANG00000008131	ENSOANT00000012924	ENSOANP00000012922	1	ENSOANE00000089332	16338	16489	8	1681	1832	16338	16489	1	0																										Contig13772
ornithorhynchus_anatinus	ENSOANG00000008131	ENSOANT00000012923	ENSOANP00000012921	1	ENSOANE00000089332	16338	16489	7	1714	1865	16338	16489	1	0																										Contig13772
ornithorhynchus_anatinus	ENSOANG00000008131	ENSOANT00000012924	ENSOANP00000012922	1	ENSOANE00000089333	16742	16906	9	1833	1997	16742	16906	0	0																										Contig13772
ornithorhynchus_anatinus	ENSOANG00000008131	ENSOANT00000012923	ENSOANP00000012921	1	ENSOANE00000089333	16742	16906	8	1866	2030	16742	16906	0	0																										Contig13772
ornithorhynchus_anatinus	ENSOANG00000008131	ENSOANT00000012924	ENSOANP00000012922	1	ENSOANE00000089334	17313	17380	10	1998	2065	17313	17380	0	2																										Contig13772
ornithorhynchus_anatinus	ENSOANG00000008131	ENSOANT00000012924	ENSOANP00000012922	1	ENSOANE00000089343	17523	17538	11	2066	2081	17523	17538	2	0																										Contig13772
ornithorhynchus_anatinus	ENSOANG00000008131	ENSOANT00000012924	ENSOANP00000012922	1	ENSOANE00000089344	17608	17623	12	2082	2097	17608	17623	0	1																										Contig13772
ornithorhynchus_anatinus	ENSOANG00000008131	ENSOANT00000012924	ENSOANP00000012922	1	ENSOANE00000089345	17748	17959	13	2098	2309	17748	17959	1	0																										Contig13772
ornithorhynchus_anatinus	ENSOANG00000008131	ENSOANT00000012924	ENSOANP00000012922	1	ENSOANE00000089346	18374	18439	14	2310	2375	18374	18439	0	0																										Contig13772
ornithorhynchus_anatinus	ENSOANG00000008131	ENSOANT00000012923	ENSOANP00000012921	1	ENSOANE00000089328	15656	15760	4	1452	1556	15656	15760	0	0																										Contig13772
ornithorhynchus_anatinus	ENSOANG00000008131	ENSOANT00000012923	ENSOANP00000012921	1	ENSOANE00000206105	17313	17339	9	2031	2057	17313	17339	0	0																										Contig13772
ornithorhynchus_anatinus	ENSOANG00000008131	ENSOANT00000012923	ENSOANP00000012921	1	ENSOANE00000089336	17624	17956	10	2058	2390	17624	17956	0	0																										Contig13772
ornithorhynchus_anatinus																										ENSOANG00000008131	ENSOANT00000012924	ENSOANP00000012922	1	ENSOANE00000219591	12255	12651	1	60	397	12314	12651	-1	2	Contig13772
ornithorhynchus_anatinus																										ENSOANG00000008131	ENSOANT00000012923	ENSOANP00000012921	1	ENSOANE00000219591	12255	12651	1	54	397	12308	12651	-1	2	Contig13772
ornithorhynchus_anatinus																										ENSOANG00000008131	ENSOANT00000012924	ENSOANP00000012922	1	ENSOANE00000089339	12918	13101	2	398	581	12918	13101	2	0	Contig13772
ornithorhynchus_anatinus																										ENSOANG00000008131	ENSOANT00000012923	ENSOANP00000012921	1	ENSOANE00000089324	12918	13587	2	398	1067	12918	13587	2	0	Contig13772
ornithorhynchus_anatinus																										ENSOANG00000008131	ENSOANT00000012924	ENSOANP00000012922	1	ENSOANE00000089340	13135	13587	3	582	1034	13135	13587	0	0	Contig13772
ornithorhynchus_anatinus																										ENSOANG00000008131	ENSOANT00000012924	ENSOANP00000012922	1	ENSOANE00000089326	14894	15277	4	1035	1418	14894	15277	0	0	Contig13772
ornithorhynchus_anatinus																										ENSOANG00000008131	ENSOANT00000012923	ENSOANP00000012921	1	ENSOANE00000089326	14894	15277	3	1068	1451	14894	15277	0	0	Contig13772
ornithorhynchus_anatinus																										ENSOANG00000008131	ENSOANT00000012924	ENSOANP00000012922	1	ENSOANE00000089341	15656	15757	5	1419	1520	15656	15757	0	0	Contig13772
ornithorhynchus_anatinus																										ENSOANG00000008131	ENSOANT00000012923	ENSOANP00000012921	1	ENSOANE00000089328	15656	15760	4	1452	1556	15656	15760	0	0	Contig13772
ornithorhynchus_anatinus																										ENSOANG00000008131	ENSOANT00000012924	ENSOANP00000012922	1	ENSOANE00000089342	15762	15805	6	1521	1564	15762	15805	0	2	Contig13772
ornithorhynchus_anatinus																										ENSOANG00000008131	ENSOANT00000012924	ENSOANP00000012922	1	ENSOANE00000089331	15994	16109	7	1565	1680	15994	16109	2	1	Contig13772
ornithorhynchus_anatinus																										ENSOANG00000008131	ENSOANT00000012923	ENSOANP00000012921	1	ENSOANE00000089331	15994	16109	6	1598	1713	15994	16109	2	1	Contig13772
ornithorhynchus_anatinus																										ENSOANG00000008131	ENSOANT00000012924	ENSOANP00000012922	1	ENSOANE00000089332	16338	16489	8	1681	1832	16338	16489	1	0	Contig13772
ornithorhynchus_anatinus																										ENSOANG00000008131	ENSOANT00000012923	ENSOANP00000012921	1	ENSOANE00000089332	16338	16489	7	1714	1865	16338	16489	1	0	Contig13772
ornithorhynchus_anatinus																										ENSOANG00000008131	ENSOANT00000012924	ENSOANP00000012922	1	ENSOANE00000089333	16742	16906	9	1833	1997	16742	16906	0	0	Contig13772
ornithorhynchus_anatinus																										ENSOANG00000008131	ENSOANT00000012923	ENSOANP00000012921	1	ENSOANE00000089333	16742	16906	8	1866	2030	16742	16906	0	0	Contig13772
ornithorhynchus_anatinus																										ENSOANG00000008131	ENSOANT00000012924	ENSOANP00000012922	1	ENSOANE00000089334	17313	17380	10	1998	2065	17313	17380	0	2	Contig13772
ornithorhynchus_anatinus																										ENSOANG00000008131	ENSOANT00000012923	ENSOANP00000012921	1	ENSOANE00000206105	17313	17339	9	2031	2057	17313	17339	0	0	Contig13772
ornithorhynchus_anatinus																										ENSOANG00000008131	ENSOANT00000012924	ENSOANP00000012922	1	ENSOANE00000089343	17523	17538	11	2066	2081	17523	17538	2	0	Contig13772
ornithorhynchus_anatinus																										ENSOANG00000008131	ENSOANT00000012924	ENSOANP00000012922	1	ENSOANE00000089344	17608	17623	12	2082	2097	17608	17623	0	1	Contig13772
ornithorhynchus_anatinus																										ENSOANG00000008131	ENSOANT00000012924	ENSOANP00000012922	1	ENSOANE00000089345	17748	17959	13	2098	2309	17748	17959	1	0	Contig13772
ornithorhynchus_anatinus																										ENSOANG00000008131	ENSOANT00000012924	ENSOANP00000012922	1	ENSOANE00000089346	18374	18439	14	2310	2375	18374	18439	0	0	Contig13772
ornithorhynchus_anatinus																										ENSOANG00000008131	ENSOANT00000012923	ENSOANP00000012921	1	ENSOANE00000089329	15765	15805	5	1557	1597	15765	15805	0	2	Contig13772
ornithorhynchus_anatinus																										ENSOANG00000008131	ENSOANT00000012923	ENSOANP00000012921	1	ENSOANE00000089336	17624	17956	10	2058	2390	17624	17956	0	0	Contig13772
rattus_norvegicus	ENSRNOG00000012562	ENSRNOT00000093751		1	ENSRNOE00000579482	12764993	12765487	1					-1	-1	12765488	12767161	1	1	2	0	1.0	2	SRR594419,SRR594428	1,1	0,0	ENSRNOG00000012562	ENSRNOT00000093751		1	ENSRNOE00000578847	12767162	12767754	2					-1	-1	7
rattus_norvegicus	ENSRNOG00000012562	ENSRNOT00000093751		1	ENSRNOE00000579482	12764993	12765487	1					-1	-1	12765488	12767161	1	1	2	0	1.0	2	SRR594419,SRR594428	1,1	0,0	ENSRNOG00000012562	ENSRNOT00000017064	ENSRNOP00000017064	1	ENSRNOE00000119715	12767162	12767754	3	495	1087	12767162	12767754	0	2	7
rattus_norvegicus	ENSRNOG00000012562	ENSRNOT00000017064	ENSRNOP00000017064	1	ENSRNOE00000454949	12765350	12765487	2	357	494	12765350	12765487	0	0	12765488	12767161	1	1	2	0	1.0	2	SRR594419,SRR594428	1,1	0,0	ENSRNOG00000012562	ENSRNOT00000093751		1	ENSRNOE00000578847	12767162	12767754	2					-1	-1	7
rattus_norvegicus	ENSRNOG00000012562	ENSRNOT00000017064	ENSRNOP00000017064	1	ENSRNOE00000454949	12765350	12765487	2	357	494	12765350	12765487	0	0	12765488	12767161	1	1	2	0	1.0	2	SRR594419,SRR594428	1,1	0,0	ENSRNOG00000012562	ENSRNOT00000017064	ENSRNOP00000017064	1	ENSRNOE00000119715	12767162	12767754	3	495	1087	12767162	12767754	0	2	7
rattus_norvegicus	ENSRNOG00000012562	ENSRNOT00000093751		1	ENSRNOE00000578847	12767162	12767754	2					-1	-1	12767755	12767986	1	1	3	0	1.0	3	SRR594419,SRR594428,SRR594437	1,1,1	0,0,0	ENSRNOG00000012562	ENSRNOT00000093751		1	ENSRNOE00000579180	12767987	12769019	3					-1	-1	7
rattus_norvegicus	ENSRNOG00000012562	ENSRNOT00000093751		1	ENSRNOE00000578847	12767162	12767754	2					-1	-1	12767755	12767986	1	1	3	0	1.0	3	SRR594419,SRR594428,SRR594437	1,1,1	0,0,0	ENSRNOG00000012562	ENSRNOT00000017064	ENSRNOP00000017064	1	ENSRNOE00000119866	12767987	12769019	4	1088	2120	12767987	12769019	2	0	7
rattus_norvegicus	ENSRNOG00000012562	ENSRNOT00000017064	ENSRNOP00000017064	1	ENSRNOE00000119715	12767162	12767754	3	495	1087	12767162	12767754	0	2	12767755	12767986	1	1	3	0	1.0	3	SRR594419,SRR594428,SRR594437	1,1,1	0,0,0	ENSRNOG00000012562	ENSRNOT00000093751		1	ENSRNOE00000579180	12767987	12769019	3					-1	-1	7
rattus_norvegicus	ENSRNOG00000012562	ENSRNOT00000017064	ENSRNOP00000017064	1	ENSRNOE00000119715	12767162	12767754	3	495	1087	12767162	12767754	0	2	12767755	12767986	1	1	3	0	1.0	3	SRR594419,SRR594428,SRR594437	1,1,1	0,0,0	ENSRNOG00000012562	ENSRNOT00000017064	ENSRNOP00000017064	1	ENSRNOE00000119866	12767987	12769019	4	1088	2120	12767987	12769019	2	0	7
rattus_norvegicus	ENSRNOG00000012562	ENSRNOT00000093751		1	ENSRNOE00000579180	12767987	12769019	3					-1	-1	12769020	12769784	1	1	19	0	4.75	4	SRR594419,SRR594420,SRR594428,SRR594437	6,8,2,3	0,0,0,0	ENSRNOG00000012562	ENSRNOT00000093751		1	ENSRNOE00000578716	12769785	12769930	4					-1	-1	7
rattus_norvegicus	ENSRNOG00000012562	ENSRNOT00000093751		1	ENSRNOE00000579180	12767987	12769019	3					-1	-1	12769020	12769784	1	1	19	0	4.75	4	SRR594419,SRR594420,SRR594428,SRR594437	6,8,2,3	0,0,0,0	ENSRNOG00000012562	ENSRNOT00000017064	ENSRNOP00000017064	1	ENSRNOE00000120395	12769785	12769930	5	2121	2266	12769785	12769930	0	2	7
rattus_norvegicus	ENSRNOG00000012562	ENSRNOT00000017064	ENSRNOP00000017064	1	ENSRNOE00000119866	12767987	12769019	4	1088	2120	12767987	12769019	2	0	12769020	12769784	1	1	19	0	4.75	4	SRR594419,SRR594420,SRR594428,SRR594437	6,8,2,3	0,0,0,0	ENSRNOG00000012562	ENSRNOT00000093751		1	ENSRNOE00000578716	12769785	12769930	4					-1	-1	7
rattus_norvegicus	ENSRNOG00000012562	ENSRNOT00000017064	ENSRNOP00000017064	1	ENSRNOE00000119866	12767987	12769019	4	1088	2120	12767987	12769019	2	0	12769020	12769784	1	1	19	0	4.75	4	SRR594419,SRR594420,SRR594428,SRR594437	6,8,2,3	0,0,0,0	ENSRNOG00000012562	ENSRNOT00000017064	ENSRNOP00000017064	1	ENSRNOE00000120395	12769785	12769930	5	2121	2266	12769785	12769930	0	2	7
rattus_norvegicus	ENSRNOG00000012562	ENSRNOT00000093751		1	ENSRNOE00000578716	12769785	12769930	4					-1	-1	12769931	12770011	1	1	15	0	3.0	5	SRR594419,SRR594428,SRR594435,SRR594437,SRR594442	8,2,1,3,1	0,0,0,0,0	ENSRNOG00000012562	ENSRNOT00000093751		1	ENSRNOE00000578863	12770012	12770127	5					-1	-1	7
rattus_norvegicus	ENSRNOG00000012562	ENSRNOT00000093751		1	ENSRNOE00000578716	12769785	12769930	4					-1	-1	12769931	12770011	1	1	15	0	3.0	5	SRR594419,SRR594428,SRR594435,SRR594437,SRR594442	8,2,1,3,1	0,0,0,0,0	ENSRNOG00000012562	ENSRNOT00000017064	ENSRNOP00000017064	1	ENSRNOE00000346849	12770012	12770127	6	2267	2382	12770012	12770127	2	1	7
rattus_norvegicus	ENSRNOG00000012562	ENSRNOT00000017064	ENSRNOP00000017064	1	ENSRNOE00000120395	12769785	12769930	5	2121	2266	12769785	12769930	0	2	12769931	12770011	1	1	15	0	3.0	5	SRR594419,SRR594428,SRR594435,SRR594437,SRR594442	8,2,1,3,1	0,0,0,0,0	ENSRNOG00000012562	ENSRNOT00000093751		1	ENSRNOE00000578863	12770012	12770127	5					-1	-1	7
rattus_norvegicus	ENSRNOG00000012562	ENSRNOT00000017064	ENSRNOP00000017064	1	ENSRNOE00000120395	12769785	12769930	5	2121	2266	12769785	12769930	0	2	12769931	12770011	1	1	15	0	3.0	5	SRR594419,SRR594428,SRR594435,SRR594437,SRR594442	8,2,1,3,1	0,0,0,0,0	ENSRNOG00000012562	ENSRNOT00000017064	ENSRNOP00000017064	1	ENSRNOE00000346849	12770012	12770127	6	2267	2382	12770012	12770127	2	1	7
rattus_norvegicus	ENSRNOG00000012562	ENSRNOT00000093751		1	ENSRNOE00000578863	12770012	12770127	5					-1	-1	12770128	12770203	1	1	14	0	2.3333333333333326	6	SRR594419,SRR594425,SRR594426,SRR594428,SRR594437,SRR594442	5,1,1,3,3,1	0,0,0,0,0,0	ENSRNOG00000012562	ENSRNOT00000093751		1	ENSRNOE00000580535	12770204	12770355	6					-1	-1	7
rattus_norvegicus	ENSRNOG00000012562	ENSRNOT00000093751		1	ENSRNOE00000578863	12770012	12770127	5					-1	-1	12770128	12770203	1	1	14	0	2.3333333333333326	6	SRR594419,SRR594425,SRR594426,SRR594428,SRR594437,SRR594442	5,1,1,3,3,1	0,0,0,0,0,0	ENSRNOG00000012562	ENSRNOT00000017064	ENSRNOP00000017064	1	ENSRNOE00000340966	12770204	12770355	7	2383	2534	12770204	12770355	1	0	7
rattus_norvegicus	ENSRNOG00000012562	ENSRNOT00000017064	ENSRNOP00000017064	1	ENSRNOE00000346849	12770012	12770127	6	2267	2382	12770012	12770127	2	1	12770128	12770203	1	1	14	0	2.3333333333333326	6	SRR594419,SRR594425,SRR594426,SRR594428,SRR594437,SRR594442	5,1,1,3,3,1	0,0,0,0,0,0	ENSRNOG00000012562	ENSRNOT00000093751		1	ENSRNOE00000580535	12770204	12770355	6					-1	-1	7
rattus_norvegicus	ENSRNOG00000012562	ENSRNOT00000017064	ENSRNOP00000017064	1	ENSRNOE00000346849	12770012	12770127	6	2267	2382	12770012	12770127	2	1	12770128	12770203	1	1	14	0	2.3333333333333326	6	SRR594419,SRR594425,SRR594426,SRR594428,SRR594437,SRR594442	5,1,1,3,3,1	0,0,0,0,0,0	ENSRNOG00000012562	ENSRNOT00000017064	ENSRNOP00000017064	1	ENSRNOE00000340966	12770204	12770355	7	2383	2534	12770204	12770355	1	0	7
rattus_norvegicus	ENSRNOG00000012562	ENSRNOT00000093751		1	ENSRNOE00000580535	12770204	12770355	6					-1	-1	12770356	12770523	1	1	7	0	1.75	4	SRR594419,SRR594428,SRR594437,SRR636925	1,4,1,1	0,0,0,0	ENSRNOG00000012562	ENSRNOT00000093751		1	ENSRNOE00000580077	12770524	12770688	7					-1	-1	7
rattus_norvegicus	ENSRNOG00000012562	ENSRNOT00000093751		1	ENSRNOE00000580535	12770204	12770355	6					-1	-1	12770356	12770523	1	1	7	0	1.75	4	SRR594419,SRR594428,SRR594437,SRR636925	1,4,1,1	0,0,0,0	ENSRNOG00000012562	ENSRNOT00000017064	ENSRNOP00000017064	1	ENSRNOE00000121057	12770524	12770688	8	2535	2699	12770524	12770688	0	0	7
rattus_norvegicus	ENSRNOG00000012562	ENSRNOT00000017064	ENSRNOP00000017064	1	ENSRNOE00000340966	12770204	12770355	7	2383	2534	12770204	12770355	1	0	12770356	12770523	1	1	7	0	1.75	4	SRR594419,SRR594428,SRR594437,SRR636925	1,4,1,1	0,0,0,0	ENSRNOG00000012562	ENSRNOT00000093751		1	ENSRNOE00000580077	12770524	12770688	7					-1	-1	7
rattus_norvegicus	ENSRNOG00000012562	ENSRNOT00000017064	ENSRNOP00000017064	1	ENSRNOE00000340966	12770204	12770355	7	2383	2534	12770204	12770355	1	0	12770356	12770523	1	1	7	0	1.75	4	SRR594419,SRR594428,SRR594437,SRR636925	1,4,1,1	0,0,0,0	ENSRNOG00000012562	ENSRNOT00000017064	ENSRNOP00000017064	1	ENSRNOE00000121057	12770524	12770688	8	2535	2699	12770524	12770688	0	0	7
rattus_norvegicus	ENSRNOG00000012562	ENSRNOT00000093751		1	ENSRNOE00000580077	12770524	12770688	7					-1	-1	12770689	12770764	1	1	8	0	1.6	5	SRR594419,SRR594424,SRR594426,SRR594437,SRR636925	4,1,1,1,1	0,0,0,0,0	ENSRNOG00000012562	ENSRNOT00000093751		1	ENSRNOE00000578969	12770765	12770832	8					-1	-1	7
rattus_norvegicus	ENSRNOG00000012562	ENSRNOT00000093751		1	ENSRNOE00000580077	12770524	12770688	7					-1	-1	12770689	12770764	1	1	8	0	1.6	5	SRR594419,SRR594424,SRR594426,SRR594437,SRR636925	4,1,1,1,1	0,0,0,0,0	ENSRNOG00000012562	ENSRNOT00000017064	ENSRNOP00000017064	1	ENSRNOE00000441272	12770765	12770832	9	2700	2767	12770765	12770832	0	2	7
rattus_norvegicus	ENSRNOG00000012562	ENSRNOT00000017064	ENSRNOP00000017064	1	ENSRNOE00000121057	12770524	12770688	8	2535	2699	12770524	12770688	0	0	12770689	12770764	1	1	8	0	1.6	5	SRR594419,SRR594424,SRR594426,SRR594437,SRR636925	4,1,1,1,1	0,0,0,0,0	ENSRNOG00000012562	ENSRNOT00000093751		1	ENSRNOE00000578969	12770765	12770832	8					-1	-1	7
rattus_norvegicus	ENSRNOG00000012562	ENSRNOT00000017064	ENSRNOP00000017064	1	ENSRNOE00000121057	12770524	12770688	8	2535	2699	12770524	12770688	0	0	12770689	12770764	1	1	8	0	1.6	5	SRR594419,SRR594424,SRR594426,SRR594437,SRR636925	4,1,1,1,1	0,0,0,0,0	ENSRNOG00000012562	ENSRNOT00000017064	ENSRNOP00000017064	1	ENSRNOE00000441272	12770765	12770832	9	2700	2767	12770765	12770832	0	2	7
rattus_norvegicus	ENSRNOG00000012562	ENSRNOT00000093751		1	ENSRNOE00000578969	12770765	12770832	8					-1	-1	12770833	12770913	1	1	5	0	1.6666666666666667	3	SRR594420,SRR594424,SRR594428	1,1,3	0,0,0	ENSRNOG00000012562	ENSRNOT00000093751		1	ENSRNOE00000578944	12770914	12771310	9					-1	-1	7
rattus_norvegicus	ENSRNOG00000012562	ENSRNOT00000093751		1	ENSRNOE00000578969	12770765	12770832	8					-1	-1	12770833	12770913	1	1	5	0	1.6666666666666667	3	SRR594420,SRR594424,SRR594428	1,1,3	0,0,0	ENSRNOG00000012562	ENSRNOT00000017064	ENSRNOP00000017064	1	ENSRNOE00000311842	12770914	12771309	10	2768	3077	12770914	12771223	2	-1	7
rattus_norvegicus	ENSRNOG00000012562	ENSRNOT00000017064	ENSRNOP00000017064	1	ENSRNOE00000441272	12770765	12770832	9	2700	2767	12770765	12770832	0	2	12770833	12770913	1	1	5	0	1.6666666666666667	3	SRR594420,SRR594424,SRR594428	1,1,3	0,0,0	ENSRNOG00000012562	ENSRNOT00000093751		1	ENSRNOE00000578944	12770914	12771310	9					-1	-1	7
rattus_norvegicus	ENSRNOG00000012562	ENSRNOT00000017064	ENSRNOP00000017064	1	ENSRNOE00000441272	12770765	12770832	9	2700	2767	12770765	12770832	0	2	12770833	12770913	1	1	5	0	1.6666666666666667	3	SRR594420,SRR594424,SRR594428	1,1,3	0,0,0	ENSRNOG00000012562	ENSRNOT00000017064	ENSRNOP00000017064	1	ENSRNOE00000311842	12770914	12771309	10	2768	3077	12770914	12771223	2	-1	7
rattus_norvegicus	ENSRNOG00000012562	ENSRNOT00000093751		1	ENSRNOE00000578969	12770765	12770832	8					-1	-1	12770833	12770951	1	1	1	0	1.0	1	SRR594428	1	0															7
rattus_norvegicus	ENSRNOG00000012562	ENSRNOT00000017064	ENSRNOP00000017064	1	ENSRNOE00000441272	12770765	12770832	9	2700	2767	12770765	12770832	0	2	12770833	12770951	1	1	1	0	1.0	1	SRR594428	1	0															7
rattus_norvegicus	ENSRNOG00000012562	ENSRNOT00000093751		1	ENSRNOE00000578944	12770914	12771310	9					-1	-1																										7
rattus_norvegicus	ENSRNOG00000012562	ENSRNOT00000017064	ENSRNOP00000017064	1	ENSRNOE00000119543	12764993	12765348	1	69	356	12765061	12765348	-1	0																										7
rattus_norvegicus	ENSRNOG00000012562	ENSRNOT00000017064	ENSRNOP00000017064	1	ENSRNOE00000311842	12770914	12771309	10	2768	3077	12770914	12771223	2	-1																										7
rattus_norvegicus																										ENSRNOG00000012562	ENSRNOT00000093751		1	ENSRNOE00000579482	12764993	12765487	1					-1	-1	7
rattus_norvegicus																										ENSRNOG00000012562	ENSRNOT00000017064	ENSRNOP00000017064	1	ENSRNOE00000119543	12764993	12765348	1	69	356	12765061	12765348	-1	0	7
rattus_norvegicus																										ENSRNOG00000012562	ENSRNOT00000017064	ENSRNOP00000017064	1	ENSRNOE00000454949	12765350	12765487	2	357	494	12765350	12765487	0	0	7
sus_scrofa	ENSSSCG00000029635	ENSSSCT00000026993	ENSSSCP00000025254	-1	ENSSSCE00000162284	77403088	77403252	7	2467	2631	77403088	77403252	0	0	77403253	77403551	2	2	3	0	3.0	1	SRR636974	3	0	ENSSSCG00000029635	ENSSSCT00000026993	ENSSSCP00000025254	-1	ENSSSCE00000164304	77403552	77403703	6	2315	2466	77403552	77403703	1	0	2
sus_scrofa	ENSSSCG00000029635	ENSSSCT00000026993	ENSSSCP00000025254	-1	ENSSSCE00000164304	77403552	77403703	6	2315	2466	77403552	77403703	1	0	77403704	77403825	2	2	2	0	1.0	2	SRR636973,SRR653843	1,1	0,0	ENSSSCG00000029635	ENSSSCT00000026993	ENSSSCP00000025254	-1	ENSSSCE00000208415	77403826	77403941	5	2199	2314	77403826	77403941	2	1	2
sus_scrofa	ENSSSCG00000029635	ENSSSCT00000026993	ENSSSCP00000025254	-1	ENSSSCE00000208415	77403826	77403941	5	2199	2314	77403826	77403941	2	1	77403942	77404024	2	2	2	0	1.0	2	SRR636929,SRR653845	1,1	0,0	ENSSSCG00000029635	ENSSSCT00000026993	ENSSSCP00000025254	-1	ENSSSCE00000232833	77404025	77404170	4	2053	2198	77404025	77404170	0	2	2
sus_scrofa	ENSSSCG00000029635	ENSSSCT00000026993	ENSSSCP00000025254	-1	ENSSSCE00000203981	77407837	77408872	3	1017	2052	77407837	77408872	2	0	77408873	77409280	2	2	1	0	1.0	1	SRR636973	1	0	ENSSSCG00000029635	ENSSSCT00000026993	ENSSSCP00000025254	-1	ENSSSCE00000220928	77409281	77409870	2	427	1016	77409281	77409870	0	2	2
sus_scrofa	ENSSSCG00000029635	ENSSSCT00000026993	ENSSSCP00000025254	-1	ENSSSCE00000220928	77409281	77409870	2	427	1016	77409281	77409870	0	2	77409871	77411452	2	2	1	0	1.0	1	SRR636974	1	0	ENSSSCG00000029635	ENSSSCT00000026993	ENSSSCP00000025254	-1	ENSSSCE00000226822	77411453	77411878	1	1	426	77411453	77411878	0	0	2
sus_scrofa															77403125	77403551	2	2	1	0	1.0	1	SRR636929	1	0	ENSSSCG00000029635	ENSSSCT00000026993	ENSSSCP00000025254	-1	ENSSSCE00000164304	77403552	77403703	6	2315	2466	77403552	77403703	1	0	2
sus_scrofa	ENSSSCG00000029635	ENSSSCT00000026993	ENSSSCP00000025254	-1	ENSSSCE00000216582	77402369	77402768	9	2697	3096	77402369	77402768	2	0																										2
sus_scrofa	ENSSSCG00000029635	ENSSSCT00000026993	ENSSSCP00000025254	-1	ENSSSCE00000204651	77402940	77403004	8	2632	2696	77402940	77403004	0	2																										2
sus_scrofa	ENSSSCG00000029635	ENSSSCT00000026993	ENSSSCP00000025254	-1	ENSSSCE00000232833	77404025	77404170	4	2053	2198	77404025	77404170	0	2																										2
sus_scrofa	ENSSSCG00000029635	ENSSSCT00000026993	ENSSSCP00000025254	-1	ENSSSCE00000226822	77411453	77411878	1	1	426	77411453	77411878	0	0																										2
sus_scrofa																										ENSSSCG00000029635	ENSSSCT00000026993	ENSSSCP00000025254	-1	ENSSSCE00000216582	77402369	77402768	9	2697	3096	77402369	77402768	2	0	2
sus_scrofa																										ENSSSCG00000029635	ENSSSCT00000026993	ENSSSCP00000025254	-1	ENSSSCE00000204651	77402940	77403004	8	2632	2696	77402940	77403004	0	2	2
sus_scrofa																										ENSSSCG00000029635	ENSSSCT00000026993	ENSSSCP00000025254	-1	ENSSSCE00000162284	77403088	77403252	7	2467	2631	77403088	77403252	0	0	2
sus_scrofa																										ENSSSCG00000029635	ENSSSCT00000026993	ENSSSCP00000025254	-1	ENSSSCE00000203981	77407837	77408872	3	1017	2052	77407837	77408872	2	0	2
xenopus_tropicalis	ENSXETG00000021607	ENSXETT00000056951	ENSXETP00000056951	-1	ENSXETE00000364621	826949	826976	8	2650	2677	826949	826976	0	1	826977	828017	2	2	11	0	1.375	8	SRR489448,SRR489451,SRR489453,SRR489472,SRR489475,SRR489476,SRR579560,SRR943353	1,1,2,1,1,1,3,1	0,0,0,0,0,0,0,0	ENSXETG00000021607	ENSXETT00000056951	ENSXETP00000056951	-1	ENSXETE00000261799	828018	828182	7	2485	2649	828018	828182	0	0	GL172925.1
xenopus_tropicalis	ENSXETG00000021607	ENSXETT00000056951	ENSXETP00000056951	-1	ENSXETE00000261799	828018	828182	7	2485	2649	828018	828182	0	0	828183	828305	2	2	6	0	1.5	4	SRR489454,SRR489472,SRR579560,SRR943353	1,1,2,2	0,0,0,0	ENSXETG00000021607	ENSXETT00000056951	ENSXETP00000056951	-1	ENSXETE00000336518	828306	828457	6	2333	2484	828306	828457	1	0	GL172925.1
xenopus_tropicalis	ENSXETG00000021607	ENSXETT00000056951	ENSXETP00000056951	-1	ENSXETE00000336518	828306	828457	6	2333	2484	828306	828457	1	0	828458	828533	2	2	6	0	1.2	5	SRR489468,SRR579560,SRR649392,SRR649399,SRR943353	1,1,1,1,2	0,0,0,0,0	ENSXETG00000021607	ENSXETT00000056951	ENSXETP00000056951	-1	ENSXETE00000261788	828534	828649	5	2217	2332	828534	828649	2	1	GL172925.1
xenopus_tropicalis	ENSXETG00000021607	ENSXETT00000056951	ENSXETP00000056951	-1	ENSXETE00000261788	828534	828649	5	2217	2332	828534	828649	2	1	828650	829357	2	2	5	0	1.25	4	SRR489472,SRR489478,SRR579560,SRR943353	1,1,2,1	0,0,0,0	ENSXETG00000021607	ENSXETT00000056951	ENSXETP00000056951	-1	ENSXETE00000261781	829358	829503	4	2071	2216	829358	829503	0	2	GL172925.1
xenopus_tropicalis	ENSXETG00000021607	ENSXETT00000056951	ENSXETP00000056951	-1	ENSXETE00000261781	829358	829503	4	2071	2216	829358	829503	0	2	829504	829595	2	2	6	0	1.2	5	SRR489451,SRR489454,SRR489478,SRR579560,SRR649399	1,1,1,1,2	0,0,0,0,0	ENSXETG00000021607	ENSXETT00000056951	ENSXETP00000056951	-1	ENSXETE00000261757	829596	830640	3	1026	2070	829596	830640	2	0	GL172925.1
xenopus_tropicalis	ENSXETG00000021607	ENSXETT00000056951	ENSXETP00000056951	-1	ENSXETE00000261757	829596	830640	3	1026	2070	829596	830640	2	0	830641	838832	2	2	22	0	1.4666666666666661	15	SRR489445,SRR489447,SRR489449,SRR489450,SRR489451,SRR489452,SRR489453,SRR489454,SRR489474,SRR489475,SRR489476,SRR489478,SRR579560,SRR649392,SRR649399	1,1,1,3,1,2,1,1,1,2,3,2,1,1,1	0,0,0,0,0,0,0,0,0,0,0,0,0,0,0	ENSXETG00000021607	ENSXETT00000056951	ENSXETP00000056951	-1	ENSXETE00000261745	838833	839431	2	427	1025	838833	839431	0	2	GL172925.1
xenopus_tropicalis	ENSXETG00000021607	ENSXETT00000056951	ENSXETP00000056951	-1	ENSXETE00000261745	838833	839431	2	427	1025	838833	839431	0	2	839432	841337	2	2	6	0	1.2	5	SRR489452,SRR489473,SRR489475,SRR489477,SRR579560	1,1,1,2,1	0,0,0,0,0	ENSXETG00000021607	ENSXETT00000056951	ENSXETP00000056951	-1	ENSXETE00000261739	841338	841763	1	1	426	841338	841763	0	0	GL172925.1
xenopus_tropicalis															820666	822986	2	2	1	0	1.0	1	SRR579560	1	0															GL172925.1
xenopus_tropicalis															820666	826908	2	2	16	0	1.142857142857143	14	SRR489440,SRR489447,SRR489452,SRR489453,SRR489454,SRR489461,SRR489470,SRR489476,SRR489478,SRR579560,SRR579563,SRR649400,SRR651126,SRR943353	2,1,1,1,1,1,1,1,1,1,1,1,1,2	0,0,0,0,0,0,0,0,0,0,0,0,0,0															GL172925.1
xenopus_tropicalis															831319	838832	2	2	1	0	1.0	1	SRR943353	1	0	ENSXETG00000021607	ENSXETT00000056951	ENSXETP00000056951	-1	ENSXETE00000261745	838833	839431	2	427	1025	838833	839431	0	2	GL172925.1
xenopus_tropicalis	ENSXETG00000021607	ENSXETT00000056951	ENSXETP00000056951	-1	ENSXETE00000415290	820395	820652	11	2749	3006	820395	820652	0	0																										GL172925.1
xenopus_tropicalis	ENSXETG00000021607	ENSXETT00000056951	ENSXETP00000056951	-1	ENSXETE00000419218	821014	821021	10	2741	2748	821014	821021	1	0																										GL172925.1
xenopus_tropicalis	ENSXETG00000021607	ENSXETT00000056951	ENSXETP00000056951	-1	ENSXETE00000336514	825078	825140	9	2678	2740	825078	825140	1	1																										GL172925.1
xenopus_tropicalis	ENSXETG00000021607	ENSXETT00000056951	ENSXETP00000056951	-1	ENSXETE00000261739	841338	841763	1	1	426	841338	841763	0	0																										GL172925.1
xenopus_tropicalis																										ENSXETG00000021607	ENSXETT00000056951	ENSXETP00000056951	-1	ENSXETE00000415290	820395	820652	11	2749	3006	820395	820652	0	0	GL172925.1
xenopus_tropicalis																										ENSXETG00000021607	ENSXETT00000056951	ENSXETP00000056951	-1	ENSXETE00000419218	821014	821021	10	2741	2748	821014	821021	1	0	GL172925.1
xenopus_tropicalis																										ENSXETG00000021607	ENSXETT00000056951	ENSXETP00000056951	-1	ENSXETE00000336514	825078	825140	9	2678	2740	825078	825140	1	1	GL172925.1
xenopus_tropicalis																										ENSXETG00000021607	ENSXETT00000056951	ENSXETP00000056951	-1	ENSXETE00000364621	826949	826976	8	2650	2677	826949	826976	0	1	GL172925.1
